id_conta,id_cliente,agencia,tipo_conta,data_abertura,saldo_inicial
dabb5fb3-ccd2-4064-8ede-27a74aaf9fdd,d2536301-97b3-4f08-80bb-945902b07bc8,9751,CORRENTE,2020-03-19,45346.44
090c477b-7212-4479-bda8-2f2600b4684c,7be47cfd-5562-4dbd-8fb0-457dff3614b3,1444,CORRENTE,2021-12-09,32137.48
5d76dde9-cc09-4119-970c-c34f45340c55,e1c579fa-8fb9-44d4-9779-f7d88048fafc,8564,CORRENTE,2022-10-17,2514.23
20ede58d-9fdf-4f55-b4c0-5372516e004d,431c5ce1-f94b-4214-8214-b90f41577629,6363,CORRENTE,2024-02-27,22734.97
76dd84a0-6386-477f-8485-1c63472a3690,703837a9-2dbc-4ad5-adbb-ab413b6a129d,7211,POUPANCA,2024-08-26,37600.49
2b607315-057a-4855-a9cf-575bf95b46b0,f44e870a-c430-41e6-a0a5-a266935042b4,7906,POUPANCA,2022-05-13,41745.55
094402b8-e6ab-4530-b671-054ae16b1fb0,4cd32e1e-ac8d-4e0f-81ef-37fac62a799f,1317,CORRENTE,2021-03-18,49995.39
822e55ad-01d5-43ef-a056-f8a2db69a77d,d9a3d0a4-8dc8-411f-936d-a038bc474a0b,4673,CORRENTE,2023-07-15,39061.65
f99a3869-eb15-4f33-be66-fed8fa9f65f0,06d0b522-4306-4c4d-8491-bfb68dbecd66,1659,CORRENTE,2019-09-28,47480.59
38e12439-e287-4fa6-9af1-5e995097616f,62a2d296-ff87-4b2d-8576-467b10acb1eb,1333,CORRENTE,2019-07-09,11927.25
5f6cdacb-3437-4449-81f0-026d4ced524d,6c168713-3e3e-4358-a254-62e097c87506,2874,CORRENTE,2021-06-10,23251.7
af427022-b1da-4a10-b326-7578eade5625,5248bb3c-f04e-4d9a-a0a9-406971c341a9,7043,CORRENTE,2019-03-20,30294.63
92a77f62-9543-4037-b961-b1cf45338f05,daaf1dc3-7800-4e62-9b63-96bd810c8527,2876,CORRENTE,2024-09-29,48236.04
0cc76da5-995a-4e9b-a7e9-8928ab761900,0c66c453-3d60-4e66-8d36-31ebf25f7cf0,1420,POUPANCA,2026-05-28,28789.84
1f8f6503-4f80-4a2f-8fa1-78bb79bc225f,2562c4f2-eb39-4cc7-9b8a-41bd565d25d9,7149,POUPANCA,2026-01-03,47073.53
63a1cd41-a198-44b9-96cf-c219096241b0,0f2fe6b6-3cca-436c-a6f6-0c22db169d3f,2245,CORRENTE,2025-06-09,5095.07
3e0d7fa2-3323-4e93-a8ba-36a6be6d42ea,e29fd7bb-93a2-47ae-8eba-1d5205058a8f,5941,CORRENTE,2023-03-31,39811.36
3364e195-d90f-4484-b653-1acd4e257fb9,5b5b1b4d-58fa-4ea3-9045-173d1e65066b,1672,POUPANCA,2020-03-31,26637.26
e420c666-e0f2-425d-b057-7e1feee10fd8,2db49b21-c646-4e8f-960e-9eac87229dfd,7071,CORRENTE,2022-02-14,25298.04
458292ca-e0e4-4ea7-bec1-d26dc95efdc6,e5542c7b-5aba-4f77-85c7-a61d5174c801,1207,POUPANCA,2025-08-03,41116.55
51375132-1f44-4fc4-aa37-ca3f0f8a848e,c49da72e-a560-459f-8111-05a702a3faf4,8102,POUPANCA,2024-08-20,31779.26
1f22fd3e-96b5-4886-aa58-479c8cbdc6cb,53f4cbd6-615c-435b-b484-083522ceb7b1,8532,CORRENTE,2018-11-04,21774.36
e55edbdc-d791-43d3-90af-bbdfb1a438b2,764c1a84-d039-4a28-b9e3-9c4b6f9a9a00,9548,POUPANCA,2022-01-09,30795.62
8cd96f6c-2d48-4cf2-93e7-0101484f23db,83a47c52-6022-4beb-a7af-5c2379b3e943,9817,POUPANCA,2023-05-28,23243.69
67dda6aa-cf0f-4cd6-9192-15d72ba32d3d,5a37438e-cea3-4774-8679-6d70a36d1700,5397,POUPANCA,2025-08-17,42585.66
c5f0621a-6cff-4762-b76e-4b4187ab16b5,f44e870a-c430-41e6-a0a5-a266935042b4,2419,POUPANCA,2023-03-28,44081.56
ab68140b-b93c-4259-88ee-5e46e4c826d7,0c1a5a36-529a-455b-8378-1d3b210ead65,8613,POUPANCA,2025-05-04,16819.83
be5b1414-2264-4c1e-b5a6-50cf5892c06b,54089776-20c4-4c4c-9f3e-e9c3939ee5f8,6325,CORRENTE,2025-08-01,24377.5
d953b7e9-6a3f-4dba-b61c-0897a9789b17,c7bf3026-07ed-4e9f-9302-ff3d2b831708,5232,POUPANCA,2023-03-08,13982.92
94aa1f15-411a-47e6-a8a4-4a42080a3fb9,2ba592a6-1718-4a11-9979-905ef3b56f88,5526,CORRENTE,2022-10-30,25831.36
8f3d1bd0-4ebc-4b79-ad05-a387fddad1a3,537aa425-58f7-4b86-9735-3527da921e1c,2402,CORRENTE,2019-03-21,36003.73
d8a4c08d-462e-4837-9d43-50e4a27646b7,bc69c60b-1a42-42ba-9174-9da1084d0cc9,4937,POUPANCA,2023-02-02,32295.14
6a390e3f-8f8a-47dd-aa0b-0329cb0d9f17,985b42b0-4377-474b-b6d4-96997a74190c,8342,CORRENTE,2025-10-17,4652.67
368fc759-edba-49bb-961d-0be1bf469895,b095da73-4d28-4233-829f-58e4e98da3dd,7625,CORRENTE,2023-08-25,15310.3
b33330f8-4833-452c-99d1-d62a22556e88,e890a47e-9f96-4efb-aa27-1eb56d433c37,7046,POUPANCA,2023-04-05,27673.65
249f2a03-e840-409c-af1d-1a1279a92e23,aa741d86-08da-4804-b1f1-ea8f16d26dfd,7971,POUPANCA,2024-09-29,17590.53
40db0ce2-c5b8-49a7-85a4-9fa6bb18b75f,5aa35560-467e-494b-90fc-cfe4e76df5ba,5438,POUPANCA,2025-08-22,12570.18
f2887d92-a451-4322-8791-76c5881bbb81,880d7741-a2ba-496c-9ae4-d6a5e34f9467,4155,POUPANCA,2025-05-24,5977.74
628db95e-9506-479f-a14e-8b539de6de02,013a1b07-29d8-41c4-9413-038ff551ebc8,4033,CORRENTE,2024-03-20,10819.23
e9857a43-81e9-4883-957a-5945b269a81e,4afccb13-1e0b-4789-ab27-417596dfd3c7,5530,POUPANCA,2019-09-24,49025.53
572e3f49-ae4f-42e8-84aa-611dc1c912bd,1fbe05cd-e222-426b-8db1-23b25fdc9456,4180,POUPANCA,2025-01-31,11374.16
d7925815-78b2-4e9f-a1d3-59924325f12a,fffe21b0-e40f-4a8c-89ff-2dbaa886f18a,5952,CORRENTE,2025-01-29,35400.92
2c8f52ef-0e84-46f9-87a0-93a40ed50913,5384e7d3-7273-491b-9c0f-7fadf4129065,5494,CORRENTE,2020-06-09,48714.75
55178175-ae4d-498b-ba65-a9006c81d024,f071acb1-e489-47f5-8d97-2c237af58c49,5786,CORRENTE,2024-04-11,31893.48
164f5e5e-1d37-4224-9a01-e85487a0636f,b22e8f8c-a11f-4039-9b1a-61e9f7fe5791,9042,CORRENTE,2026-04-23,43635.99
670dda16-5bd4-4e75-816e-7518cd4b410c,35f673bb-7449-47d0-8bd7-dc623922bd50,5658,POUPANCA,2019-09-03,23935.71
3cfd3f02-dde3-4d0f-895b-55eb37c7af71,e5542c7b-5aba-4f77-85c7-a61d5174c801,4020,CORRENTE,2020-03-18,12623.92
c8e1bd1b-9cf4-44e5-ac6f-be84cb4f1849,20209f4d-65ea-4d0a-abe3-67e2a7d7dac7,8827,CORRENTE,2026-01-03,41105.78
40c53612-23cc-4b4b-ba5a-f10441402961,c13f8e73-9adb-495a-9d88-cb6d630f6c82,9056,CORRENTE,2023-10-09,28851.06
68e7d52d-b966-4c3c-af60-b775afbea94d,8d45a77b-91c7-4060-9c35-1f856ddedfd2,1878,CORRENTE,2024-08-02,7459.88
942fbe54-41a1-4f92-ad3e-400a947bf439,63311fdd-671b-4516-b9c2-fecd41982dec,5978,CORRENTE,2020-03-16,49695.91
68df188b-c955-401e-ac4a-3b1ee7301d6b,533ef521-9b52-4f09-b658-bae22da85cd7,7818,CORRENTE,2018-09-20,38784.68
ed4b0552-27cf-4186-ae9b-78454dc283ea,431c5ce1-f94b-4214-8214-b90f41577629,8381,POUPANCA,2023-05-24,14867.66
dcee4f95-f7ac-42dc-9d76-6ed469bd7761,554735de-90a0-4035-9d4d-0a470d50138a,8025,POUPANCA,2022-06-24,28431.47
d261e69b-2c12-4baf-9864-e1fe20480700,e4788789-e60f-4dc6-aef0-9ff64ba32937,2625,CORRENTE,2025-06-26,31275.75
4bd0c472-cf95-4014-a938-2423ac3ac6d0,8586b8ac-25b5-46cd-a8a8-81602896cd84,2330,CORRENTE,2021-05-07,11993.26
3e59ab9d-82bf-42a7-9295-60540b28c3b4,314bfa83-fee2-4e80-a274-8cdc1ca09cf9,2229,CORRENTE,2019-09-21,133.79
e687a7b5-5c9e-474b-9cfa-79a62931431a,04a0fcbd-1133-4587-936e-0618149c188a,8699,POUPANCA,2019-01-03,1631.99
c99ed691-5f85-4261-96c1-6880361d4b4e,b85426ca-b79d-47dd-a3a3-28addb1607af,5632,POUPANCA,2019-10-09,3558.99
d2fea791-9e1a-4242-9f1a-2be04a22aa61,70da38ad-079c-48f9-996c-e4290c4ec477,5334,CORRENTE,2023-07-26,21256.95
afd65516-6d7c-469c-8b5a-885873c58eb6,ce4533e6-a4d3-4ec0-b5da-e8a7c1db09cf,4683,CORRENTE,2020-06-05,45420.57
85e64748-250e-4f7f-8acc-b6d1ab48d7ce,24ca1e05-a568-43a0-b6a7-af7028d61fcd,3330,CORRENTE,2024-03-23,2981.9
b91f61a1-854e-4c4c-b293-f185bab9dee7,62d6e0a9-b39f-4cf8-9386-c6a92abf5f6c,6039,POUPANCA,2020-01-17,21957.67
b88bd72d-662b-40d4-bd02-74a31634a517,923bd566-8bc8-4a7d-9b4c-ad2e8f6aa06a,5982,POUPANCA,2019-06-03,47133.81
52b69d38-c40d-41ce-8c3c-5c36221d3171,4a866be8-db7a-4044-93f4-107edd15186d,9847,POUPANCA,2023-06-17,21887.94
4c9b16ff-3583-43d2-b868-c355d1f4f1ea,c049bc55-0bea-408f-922f-e05e445298a7,1653,POUPANCA,2020-11-09,36726.7
4f042aca-cb3e-4830-b8ae-eff83f28f498,8548ff66-7eee-4011-b788-c0642538c0ba,5102,CORRENTE,2025-12-01,4566.34
e4c7fd4c-d22a-4236-a009-bf9e7975ef32,f7bd54cd-c40b-449e-9c36-a5dbfb567f6b,1339,POUPANCA,2025-01-29,28812.35
fd599485-07f7-421a-92f2-2f870174cba0,d37e10cc-48cd-4889-ace3-57797e5f315b,3870,POUPANCA,2018-12-21,25948.19
d4bf3947-2d63-48dd-8ba1-da4c14d9ec30,8315a2a2-789b-4955-9a13-ae98f9b868d1,5557,CORRENTE,2019-05-24,49847.27
7d3b3e9b-67d7-49c2-941f-9e63b7f0ff0d,fa1fbd54-2809-4092-851c-1427be852e02,9056,CORRENTE,2019-09-26,23500.52
9b920a49-3d4c-4fb0-b792-76c71b434560,f62085b6-955c-4ec9-8381-14dff3186564,6460,POUPANCA,2022-12-24,33506.68
e98e4db2-7749-4286-8f2a-e32aad15a20b,a5c4aa6f-5aaf-41d7-bd61-9078b91f8303,3634,POUPANCA,2021-03-19,20582.25
b9cb360d-4317-4678-a9d6-ce63ebc7dcd1,54089776-20c4-4c4c-9f3e-e9c3939ee5f8,5722,POUPANCA,2021-10-07,40678.3
4af9154c-69a8-4bb5-b2e8-bcae8b0259cc,63c6ac7c-c80c-4ce1-ab6e-d2ee4fec5727,1601,POUPANCA,2023-04-22,4402.99
4a7cacaf-d2ca-42f1-877d-884a90953a30,dcace07c-a1e4-4dae-aa74-bb975c0f5476,6296,CORRENTE,2020-02-19,48509.24
68ebdc93-a740-459a-b2bd-2b9b0a8e3529,4c66a483-a255-4004-a321-d843ebb2d59d,9431,CORRENTE,2022-04-10,32883.02
23558505-e86f-4907-b030-717c00d92358,df0d272a-dd3d-4ac0-8bcd-13662c5b8665,8569,POUPANCA,2024-04-09,2710.2
726bfdb8-cca9-40c8-8888-cd7630c29186,fe05acb7-8ab6-4ae7-81d8-a0c030626dee,6927,POUPANCA,2018-09-04,31270.44
b9cce33d-fd0d-4a40-847e-6bdeffd8c742,91ffba62-9e84-4c44-90b5-f7928764dcde,1845,CORRENTE,2020-10-14,13352.81
c23a8ab3-009c-4e1b-9e88-806b5be2099f,2fbf53e2-4201-41ce-b8f3-a19e286e8138,5719,POUPANCA,2021-03-25,44042.33
e3bca166-1ce9-4509-bf7a-8b10eb57508b,b56aed8b-8cfd-4274-a603-aae4ea3d6a20,2989,CORRENTE,2019-01-25,48657.34
d7754ad1-a17d-4fef-aa36-f6038ee145b6,4282479b-4205-4eb6-914f-60f9be869efe,4920,CORRENTE,2023-02-03,15537.51
9c229078-5338-4aee-9a64-0d16615210f5,c61c9460-c9a3-42ab-a80f-bbe57ac2002f,7684,CORRENTE,2026-05-15,11235.03
29ddd2dc-af48-44e5-97fc-509003889667,790bb3ca-4e6a-40ac-b6b5-05b41d7a3d6a,2858,POUPANCA,2025-05-02,47353.04
3af1d43d-4e8c-4ae9-80f2-e9a17ac3891f,9b800837-9fe7-4f3f-9fb4-3444e9ce7f67,3522,POUPANCA,2021-03-03,46632.65
07dc70e5-3946-4979-bd8b-37cb4a463d44,4bcc0833-4644-4916-a412-3e3e9ec499fd,9337,POUPANCA,2024-04-12,20774.52
9029ceaf-1f21-48ac-93af-09172d0272fe,4afccb13-1e0b-4789-ab27-417596dfd3c7,8736,CORRENTE,2023-03-21,22839.32
7d5f649e-e2bf-4a36-bca9-aa90719380ef,40ed5b2d-8964-4d42-aa75-562ece3ef957,7284,CORRENTE,2022-06-17,46093.41
195e2705-50b1-431c-84d2-fb13a847c55e,f18239be-cee3-476b-8b3f-4d1f64cacbe4,3236,CORRENTE,2019-11-12,13812.37
1241ac73-7702-45df-a4a7-06c960c88dff,3211267c-32bf-438d-821f-257ac6e8aa8c,7798,POUPANCA,2023-08-01,46712.42
ae29002e-0581-4644-99a8-6f8936f5bb0c,67ffdd1a-5300-46d3-bde4-28a7bc9bb9b5,5377,CORRENTE,2022-11-05,14141.95
669985f7-8ad5-4d3f-bb7c-ec963004aa72,3b69d828-bdf9-4c0e-a2b9-bc0727faa346,9022,CORRENTE,2024-08-02,22327.37
cf757844-9bb3-46bb-bf91-dfd9c4946ef5,4afccb13-1e0b-4789-ab27-417596dfd3c7,6654,POUPANCA,2021-05-03,27595.87
15f441d8-a59c-4669-a5aa-4fbf6a7c4cd9,ce4533e6-a4d3-4ec0-b5da-e8a7c1db09cf,7180,POUPANCA,2023-02-13,46642.61
fd7ebbc8-f2ad-4c92-8ff6-f9f43b7c0a9c,cca56fff-d3e3-4910-b9e4-5b054fbbebe7,4090,CORRENTE,2026-06-03,28589.88
1f3ca574-af14-45be-b232-cd698fd36506,70da38ad-079c-48f9-996c-e4290c4ec477,7730,CORRENTE,2021-09-01,15908.82
7b29c04a-3253-404a-8b83-6e0673a1fb41,6c168713-3e3e-4358-a254-62e097c87506,7246,POUPANCA,2023-10-31,49420.7
f39df0f1-4d90-4a49-b0fd-baa28056784d,62d6e0a9-b39f-4cf8-9386-c6a92abf5f6c,3492,POUPANCA,2023-04-03,48241.22
6d1147dc-2519-47a2-b9c5-03b429f4ba62,5384e7d3-7273-491b-9c0f-7fadf4129065,9229,POUPANCA,2023-01-07,43485.02
3c334840-1f9e-4ba1-92d0-f84b6dcb567c,f374bcb4-3dde-4267-ab5c-009a8a325798,8213,CORRENTE,2020-06-16,26297.55
372209a7-c09f-4fff-9000-dcfaf10cb975,8ace3969-6e6d-41a7-ae94-6a476a601f13,1251,CORRENTE,2024-07-11,20498.93
86c73756-4ee9-4b89-9e69-130634d6a2ad,18eb6348-fbe8-4427-a388-d6732c92bcd8,3529,CORRENTE,2019-07-08,23474.53
da17949a-650b-4178-ad3c-b78c6317515b,5c544811-07ea-4f7f-b646-e898a395f19c,5342,POUPANCA,2024-04-23,31162.97
c265088e-5784-411f-9e75-772c623ed251,ddd89f78-3f62-464b-8dc5-ef01837bc824,2315,POUPANCA,2025-08-24,42617.07
4ea927b8-9224-4b60-bdc4-7899bf9d49cf,a5c4aa6f-5aaf-41d7-bd61-9078b91f8303,9742,POUPANCA,2019-01-20,47706.98
a7fba6b2-d637-4d6e-b909-59c4c4be1815,ec6bfec8-7ee8-48af-a83f-68c51edacea1,8994,CORRENTE,2020-09-09,30872.97
c2693588-9132-4789-9515-20eee88685ed,26bce6fb-5332-408b-a788-d746b0541694,5708,CORRENTE,2018-12-27,37338.32
189f2a20-94e7-4e08-93b3-3a180bd7e2bd,48a3833f-f510-4e4a-bc8e-055a6071435c,2612,CORRENTE,2020-04-10,22183.93
cdb6825d-c382-4e66-8090-2ac211d36280,d5d1e43d-3a1f-44bb-a4f0-5bbefc29f011,5906,CORRENTE,2019-11-18,2299.55
7908c83d-01f0-4a92-9286-17480e906382,0d98e703-ce2a-47ab-88aa-9a5f4900aa20,1919,POUPANCA,2021-03-23,17923.17
9e1efcd7-96a1-4335-8922-da580ba127e6,a77d3a9f-5374-4971-8c47-1d0a9d163286,3385,CORRENTE,2025-12-15,26558.32
049225b2-b6d6-4d9c-a5eb-b1d9db790400,5b5b1b4d-58fa-4ea3-9045-173d1e65066b,3950,CORRENTE,2025-10-03,8753.47
bc0213e3-8555-4a37-994e-8691c6472d27,86bbe6da-25ec-4e78-b7a1-a27e695fecd8,7267,CORRENTE,2020-07-03,24883.36
7d147c2e-94d2-4d13-9065-30d4364366a0,3a2fadef-957b-40ba-8e31-6b73868f0802,3344,CORRENTE,2019-10-25,23057.5
e13ae0bc-5092-439c-8cab-7f8b1b7680ce,a3470786-b9e3-4a29-9dd1-b2a52ed877db,8529,POUPANCA,2023-10-18,33342.04
62ba2a42-e683-4497-adae-c5d7fdc1d6b3,859b0179-da44-4148-a128-bed598a153af,8622,POUPANCA,2023-05-16,33880.54
75c1b991-c826-4a25-8290-866893e8baaf,1d9111cc-ec7d-45b5-8457-84088258e634,2210,POUPANCA,2020-07-06,47261.78
40f9ccad-3eaf-4a89-a2b9-140cf187be0a,b0637186-c861-4f3f-bb7d-d28118cea774,5901,POUPANCA,2023-09-16,34515.68
c2047aaf-77ab-4223-9f1d-0028816c7d31,8ace3969-6e6d-41a7-ae94-6a476a601f13,5949,CORRENTE,2021-09-23,49968.68
4a42e5cc-00be-4a3c-affa-179a887b4a5b,7d806ef9-0a91-4b3f-a46d-adb7630444d6,8916,CORRENTE,2021-01-12,11860.29
233f31a9-e596-41b4-bc87-b61b414c71dc,8e4c34e0-3b39-401f-8528-df4973d354a0,6881,POUPANCA,2019-10-08,49634.6
a460bc32-1b60-46f6-a4c0-dffd7da2827a,a80a4061-4bc0-4a4f-bd26-f4ba31610e4e,1359,POUPANCA,2024-11-16,13724.02
c326b059-3e77-441b-89ee-fad781099b1a,5b5b1b4d-58fa-4ea3-9045-173d1e65066b,1803,POUPANCA,2023-12-20,41641.94
282e7eae-5e0c-4a3c-876e-a17d4cdd5d5e,6e53fdb3-c6b3-4cfc-a36a-8d8da7f911a7,5689,CORRENTE,2022-04-07,30353.25
5e5aa0bd-4bf8-408c-b5a9-530e4ea9e871,63cf159a-781a-47da-a2cf-f441c311d1f9,4588,CORRENTE,2019-04-23,31044.56
a0244da7-249a-49bb-8ef5-605bf797e602,de7627eb-31aa-4a9e-950d-811a5bcc5533,3240,CORRENTE,2023-05-09,45170.19
2d3a2484-0f6a-4295-a7cf-01bf7e8f7663,42cc82d2-f89d-4f6d-9b0c-6132d509bcb6,1645,POUPANCA,2020-11-04,39430.52
bd4b65c6-1e16-4022-8636-b4b327554ec0,bcfe3cc2-a660-4872-940c-3a6dc679f9b7,6977,CORRENTE,2020-11-21,4506.67
6469ef9b-4964-4d1c-bb8d-61f4cb391030,a80a4061-4bc0-4a4f-bd26-f4ba31610e4e,6352,POUPANCA,2021-12-03,8782.0
7760164f-29b2-45bf-ad11-f9c27958aee9,2fbf53e2-4201-41ce-b8f3-a19e286e8138,9837,POUPANCA,2024-03-14,26542.62
53b174e1-5076-4d57-8e69-0f4bece6fc45,91338b05-9c48-46bd-9640-23c4df909379,5465,CORRENTE,2026-05-12,12848.5
f5393ffc-63c2-4f82-a133-7ff9c6d0ba28,5a37438e-cea3-4774-8679-6d70a36d1700,8894,POUPANCA,2020-01-24,37327.97
f3cf0392-0f48-4fc4-b44a-df040c083149,93b4902c-e033-47b3-8a15-17635fddf2eb,2886,POUPANCA,2022-01-28,48144.66
6fee625a-64db-4c04-854f-127117ad314d,5e7f2fa9-ae23-4880-a342-ab710dc01c7d,4696,POUPANCA,2022-07-21,48363.49
992f1bde-5879-473f-8fdc-ab6a53c4eca0,c53e7729-a51b-4c6b-a7a6-b2abba01bd4c,6992,CORRENTE,2019-05-20,39534.1
c845f498-faad-4221-85a9-ccb1fe8d478d,c61c9460-c9a3-42ab-a80f-bbe57ac2002f,5332,CORRENTE,2020-11-01,22739.3
7744cc2b-93fc-404c-a4a4-5790aa37ce3c,d6b13b23-f985-4317-848e-8fe6ebbeb19d,5295,POUPANCA,2024-06-05,41120.87
128b3ed0-015b-4bbc-b27c-edaec92df630,7be4cfd7-5c6f-441e-9e9a-e5edb4a95821,7086,CORRENTE,2022-04-17,33741.83
4ba42356-b1ad-4035-845a-00d4c1c44a7c,555e71b5-3d5b-45bf-854b-4044758e5bda,1410,POUPANCA,2026-09-03,45762.8
734e008a-8dad-45b6-a8a5-2aa3a27911bb,b095da73-4d28-4233-829f-58e4e98da3dd,2035,POUPANCA,2024-07-31,45469.38
13547890-4599-48ee-80bb-b8c7bb2c346d,8a94186c-f8ad-4b46-886d-fb81f59b3e18,7689,CORRENTE,2019-11-23,6988.85
d29debbb-a3e2-48b5-aac3-8e27f7129d8d,123b92cd-0c1b-41f7-956a-5dbd70c3e16d,1609,POUPANCA,2023-03-26,49796.37
66f43acd-c496-44a2-9832-7559fdc9c5aa,f7c50dd7-a76b-45e0-9751-47196c4a8edf,2592,CORRENTE,2020-05-29,44362.97
08118695-5fee-453d-ab6b-f97ded5d1468,e1c579fa-8fb9-44d4-9779-f7d88048fafc,7367,POUPANCA,2019-04-11,18550.58
60cacd55-3bdc-4e73-a9d0-e3045e4195f1,ef9a70ae-bfd5-470b-acce-248a3a1040ee,9850,POUPANCA,2024-01-12,29367.02
0e150521-904e-49c0-a1e2-7bb46ac87384,fa8d3bed-233d-4bf2-bf0c-9ed5306adf71,3531,POUPANCA,2024-11-27,32746.09
28704ff3-fc22-4f89-95a4-5f5795b4192b,1fbe05cd-e222-426b-8db1-23b25fdc9456,9017,POUPANCA,2020-12-18,46952.65
b1ebdd5f-cd8c-4f0f-a061-7854abc98457,48236aad-a696-4801-9645-1e0377f7a615,1536,POUPANCA,2024-01-23,10863.48
aa9dd15d-6924-45ff-8200-b63589fee3ec,f4100468-0c07-4459-a9cc-4adff4719211,4868,POUPANCA,2024-08-07,4967.73
0f27217c-5f56-43b5-9fec-87720741df96,8d45a77b-91c7-4060-9c35-1f856ddedfd2,7018,POUPANCA,2024-03-01,3027.5
43ea1227-f4c8-49fe-aa04-14eab7b48341,f9a16e39-fac6-4bbe-9fe1-01a2ff68ff32,4109,CORRENTE,2020-04-24,47450.54
70972d3d-c797-4d2f-9b42-e1bb865c3ef7,470172ee-4e7b-4ed1-a89f-96788a6ac773,8450,CORRENTE,2024-10-01,33138.44
702fdad3-ca47-4c09-b623-7095bdc4d7a2,854dd160-7a32-4ac7-ac3c-f4623e4aad9e,1349,CORRENTE,2021-11-03,39339.73
adf79bd7-a9c8-453a-b969-5d9f8f225334,0c1a5a36-529a-455b-8378-1d3b210ead65,3063,CORRENTE,2023-06-21,3430.51
890a802f-8ee0-4f51-bf7c-61dc0b19e982,5005f93f-9ae2-4acf-8e70-238a90283005,4394,CORRENTE,2024-04-07,40652.65
c1dcc4e9-1225-47d2-a5fb-5de5962aba4d,70da38ad-079c-48f9-996c-e4290c4ec477,6383,CORRENTE,2024-03-08,39432.19
bac86746-55e4-4d0f-b1e3-0c377da30d2e,2ba592a6-1718-4a11-9979-905ef3b56f88,1046,POUPANCA,2025-08-27,42920.31
8192a5c5-4e38-41b3-9b2c-673a8ccc50d8,40ed5b2d-8964-4d42-aa75-562ece3ef957,3129,POUPANCA,2023-01-09,39925.69
2e2ded6a-ad7d-4255-85f7-1f9d42ee06f1,93c1cc95-15f5-44fc-837d-ae237fff861f,1422,CORRENTE,2023-10-27,743.02
834dda3e-bce3-47af-bed6-70347db51b30,3211267c-32bf-438d-821f-257ac6e8aa8c,4898,POUPANCA,2020-01-26,789.05
89931762-1196-410c-8ce9-0d0ab7904058,8586b8ac-25b5-46cd-a8a8-81602896cd84,1858,CORRENTE,2022-03-30,37085.9
b3b8dc5a-130d-46f1-b7a9-fa3f04ee419d,7adee904-f186-4a04-b7b7-922fcd618877,2862,CORRENTE,2025-08-30,23812.3
06ce3cd7-4883-4acb-9b28-8c36e3e6e786,3a4a1b96-e317-4118-8e4c-44d82d7d3ef9,6931,CORRENTE,2019-12-24,22600.27
90244bac-2dc5-4892-ab94-d861c7e00041,b095da73-4d28-4233-829f-58e4e98da3dd,1710,POUPANCA,2021-05-13,22902.13
0dbf4d52-68c0-49df-9a10-8ce3fe1a2121,daaf1dc3-7800-4e62-9b63-96bd810c8527,1510,CORRENTE,2025-05-17,49929.34
36db70b3-c8bf-4635-8e71-118e276ed354,d598f4c2-180e-4254-b6ab-0691708ce98b,7580,POUPANCA,2022-05-13,34304.87
1bb44e9e-a3ca-4649-8502-51be7cb67f7a,985b42b0-4377-474b-b6d4-96997a74190c,8267,CORRENTE,2021-11-24,44963.34
19f3cfae-dfff-4dc1-860c-51af74db4ef3,b093b351-dd0c-4f2f-962e-56f2ff744521,3430,CORRENTE,2018-11-23,6309.58
359557ab-427e-4445-b379-5cd8bb127fa5,93b9a9b5-eb15-4bca-a7f4-e8825fac3462,9984,POUPANCA,2023-10-23,19045.22
48558be2-eb2b-443f-8587-2dfd93e2c287,2ba592a6-1718-4a11-9979-905ef3b56f88,9692,POUPANCA,2020-10-11,22685.77
68b16dfa-8555-49d1-aea2-8966f453cd69,8548ff66-7eee-4011-b788-c0642538c0ba,8048,CORRENTE,2019-05-02,39654.8
fde02166-aa84-4374-a53a-49e61570e345,bb67ebe7-32bb-4f02-80c7-01f4b5ce9804,4522,POUPANCA,2020-12-21,22577.75
84f06487-02d9-485d-9582-ab287d4caefb,4baae082-4777-4e30-a40b-9c48871e4e41,7779,POUPANCA,2019-09-26,41370.96
0eda9ab0-bb56-4b04-a8b7-53eea8c73bfe,1f6ce6b6-593c-45e1-afe4-ffb63810eeef,7815,CORRENTE,2023-03-13,15627.42
e7f2feb5-cf09-4e9f-9287-a843be854537,f1d4a117-4467-4930-a272-ae2d66add067,5176,POUPANCA,2019-08-11,47679.63
978ef535-65fc-4558-9047-e65bb8527849,8d45a77b-91c7-4060-9c35-1f856ddedfd2,8770,CORRENTE,2024-06-29,4561.24
33b15c70-04bc-4fc5-afd3-2fd09fd58b34,1324d5c9-b590-4a49-9d6d-3fd8ce121ec5,2527,POUPANCA,2023-05-04,4828.22
d6365687-4479-42e2-9d34-ebd313b8bf80,0da78386-5f40-4453-ae9b-054c70d4eff5,7105,CORRENTE,2022-02-18,27818.54
b4fa781a-77d5-44de-8878-8ad7fa932fec,b0637186-c861-4f3f-bb7d-d28118cea774,6400,CORRENTE,2019-03-27,20540.43
dd196902-a006-415c-a2c1-6c2422557326,f374bcb4-3dde-4267-ab5c-009a8a325798,7929,CORRENTE,2021-06-23,48419.93
01b08b54-5cd5-4d77-a96a-ba806ef0a40c,85947e54-1d3f-43dc-a7d8-e5659f3ed1ef,6119,POUPANCA,2024-02-13,5180.03
9f055c0d-0134-4ad4-a9ef-eaafa8e94de7,67ffdd1a-5300-46d3-bde4-28a7bc9bb9b5,4485,CORRENTE,2019-06-07,32836.82
81ab5cfe-30d2-4ed2-8ff4-c04bc506936a,f3611cd3-2e9d-4162-9953-9f65214b1f69,2773,POUPANCA,2021-10-05,42268.67
edd83409-4cc2-4d6a-8669-fd107eb5b961,20a5ac4a-80ba-4b38-a7de-c80ea1587c3e,2882,POUPANCA,2026-05-29,28705.0
4eec8dc0-5dec-492a-b04d-02a20e5f4f63,72c4f364-19a9-485a-a581-0b8ddea06753,8030,CORRENTE,2021-07-06,30449.75
bfc50217-a3d4-42fb-884a-297e98aff813,9b30d2c7-7e4d-4bf7-ad95-eef0a7c5627e,5381,CORRENTE,2025-04-17,9020.8
a4e28f1c-1c60-49ce-94be-9d3b5596cd8b,d64c0426-3028-402c-874c-304f8acfbb91,6062,POUPANCA,2020-12-30,17551.17
9bb1660c-c8b3-4f93-a4dd-76a49a9d541a,2024d404-2d88-4ed1-b052-08786754d097,3347,POUPANCA,2019-12-02,3479.27
5f5c7f60-3f68-4e8b-985d-cabefdcf4bb9,9bceb0fc-e101-4562-bb19-3e951ec7ffb1,1502,CORRENTE,2026-01-24,37305.59
4eb484af-8f5a-42c6-9de3-f8e84c38475b,2facd72b-5491-4a86-ac6e-829316f4dc3a,7163,POUPANCA,2025-06-18,22682.29
305d589a-1fc8-4d38-8aef-130be2995844,1d9111cc-ec7d-45b5-8457-84088258e634,7062,POUPANCA,2020-08-05,36079.8
0d6de088-fcc7-4157-ab45-37fd31390821,adbf63c5-6262-40d9-b42d-1a9d67916eaf,2391,CORRENTE,2021-01-01,7779.0
510c7f7b-f010-4809-bc73-09836e06f077,e4a9fe33-91d4-4cf9-9c20-c2cce5ff1083,1815,CORRENTE,2018-10-04,13605.14
682bf554-1dd2-4198-9a11-8a0f84993dc5,2db49b21-c646-4e8f-960e-9eac87229dfd,7947,POUPANCA,2019-07-05,30353.8
47d7a834-3900-499f-bcc7-5093e6d7d935,a716b94a-fc49-4749-b527-2f3edaf2a4da,5475,CORRENTE,2021-11-18,37747.16
d3c1955a-7d0f-4a4a-a2e9-5d0e37134320,bb67ebe7-32bb-4f02-80c7-01f4b5ce9804,6655,POUPANCA,2020-07-25,5544.49
07b451c1-0d79-4e39-96d7-499183a595d5,de7627eb-31aa-4a9e-950d-811a5bcc5533,8972,POUPANCA,2021-11-23,2270.87
68ab588a-7aee-4296-9a08-65a4f7c08cd6,9414269b-c722-4e9f-8a96-3165c84b401a,1897,CORRENTE,2019-07-27,10221.16
2a009635-ab57-4132-a318-35d1691599bd,123b92cd-0c1b-41f7-956a-5dbd70c3e16d,4460,CORRENTE,2025-05-01,38208.04
9005d475-c290-462f-93e2-d7a4b943b232,061474db-f823-4cb5-9c0d-8ae7fe8e01b0,6375,CORRENTE,2026-07-19,386.5
b6930be7-955a-4f62-bc92-a1de6cf0eabd,648e3d4c-0531-46fe-91b0-c3d84d1dc3d0,8055,CORRENTE,2019-09-22,6459.29
ea92d863-3b72-48ce-957b-9c17dfd24bc5,9b3d7e5f-1e3b-4fa9-ac4b-1c18115a21ee,4770,POUPANCA,2020-03-02,3603.77
455c2ded-5f83-4a49-befc-23f86f2386d7,20209f4d-65ea-4d0a-abe3-67e2a7d7dac7,1693,POUPANCA,2023-02-25,937.08
9f56c4b4-5d70-4a98-867c-8e26652d47cf,055c9264-cee3-4796-a61a-b0f360e29c43,2275,POUPANCA,2024-11-13,28787.96
29ade76a-dfd7-43d5-a907-7bf0b555cbd0,35f673bb-7449-47d0-8bd7-dc623922bd50,7626,POUPANCA,2026-02-14,14475.76
04f50261-086d-4c79-a137-f88a4d5b962c,6341c3e5-af26-425b-b5d5-f01350b8dc63,1341,POUPANCA,2021-04-13,8593.66
a8a7f682-de3c-43cc-b6d0-18a4f60a1c4a,78ddbfc8-4354-41fc-89a7-2c0ed4829fea,8538,POUPANCA,2023-09-07,4406.49
484e7ed0-5f54-4651-a863-46a70d94bdef,bc6a61d6-d097-4a30-858b-0feb4bfc6b31,2734,CORRENTE,2025-08-29,21783.83
9f987f11-b0fa-402d-9c84-78ab5bdbb705,c13f8e73-9adb-495a-9d88-cb6d630f6c82,9584,CORRENTE,2025-07-15,19788.33
2fdb541d-468c-4a18-8fbd-1ca1c8cae8ce,0ebd3657-6ca9-4db9-85d5-9c622c3bbccd,6562,CORRENTE,2022-11-03,16653.43
be258894-4727-4249-981e-4e52a0eb43b3,6ac0ba43-1586-41e3-94b4-7f655f452b48,2251,CORRENTE,2019-06-27,26530.24
66d70d61-4b95-4b8e-9a04-dc9d09376410,db451ae8-c9e3-4405-a189-811dd65fd6e4,6724,POUPANCA,2023-03-05,36368.96
0802c665-f443-4004-9bc4-0fae81388ead,f738d529-9e3f-4d4b-8cfe-eb820568e544,3419,CORRENTE,2021-08-22,5140.23
6010a241-ea3b-4fa8-86f0-6088dd5266e1,5248bb3c-f04e-4d9a-a0a9-406971c341a9,4232,CORRENTE,2024-08-19,30119.95
bafb3e8a-df11-490d-b4f5-db753a6afcc1,91ffba62-9e84-4c44-90b5-f7928764dcde,2234,CORRENTE,2023-07-17,47564.61
22c9f9e6-4882-4559-8b35-e21b3ddc94f9,7d21dfdd-421f-4352-9158-582c78f01cfc,9095,POUPANCA,2026-01-13,37722.29
30403029-37a4-4eac-9a54-aa0a12d0ac70,91ffba62-9e84-4c44-90b5-f7928764dcde,8354,POUPANCA,2021-01-27,43212.34
6a5afc56-a21f-407f-b997-3256fa4c3a5c,7d21dfdd-421f-4352-9158-582c78f01cfc,6179,CORRENTE,2023-05-14,21988.14
336bcbeb-02b9-462b-8347-fb95d070bf66,4cd32e1e-ac8d-4e0f-81ef-37fac62a799f,8245,POUPANCA,2020-12-24,39816.48
11e3b9c4-036b-4538-b008-ee58c6d0edcf,f2a54638-9af8-49f4-82e9-dc87f6fbbfcd,1920,POUPANCA,2023-11-04,25366.84
0c145649-4a39-4444-bbdc-8800a2c6d6ad,0ebd3657-6ca9-4db9-85d5-9c622c3bbccd,8565,POUPANCA,2019-07-08,1880.36
1d61eb6d-768c-40ed-ad80-ed8893ddc866,20a5ac4a-80ba-4b38-a7de-c80ea1587c3e,5703,CORRENTE,2026-04-20,32233.32
294bf572-0614-45e6-a244-520317bf553d,9b92b18e-5470-48a7-8e9e-3bc431154dbc,2479,POUPANCA,2019-01-31,23135.58
6b4c6915-2053-4461-951e-b147ebf1ef46,f071acb1-e489-47f5-8d97-2c237af58c49,1672,POUPANCA,2020-02-16,45452.5
998a0862-29c9-4885-bc8c-e1cca5b4707d,8e4c34e0-3b39-401f-8528-df4973d354a0,4084,POUPANCA,2021-05-18,30250.29
9ac3bb2c-4917-493c-8623-ae191f7dc12e,4a866be8-db7a-4044-93f4-107edd15186d,3471,CORRENTE,2025-01-25,22526.16
97e3042d-5ccf-497a-ac7c-30a05491bef7,32ad1ca8-8c74-4cca-a3f1-b8d183f4b41a,6626,CORRENTE,2021-12-27,25227.45
76004f99-a410-4a3c-aab5-bfaa29b5b542,4911a591-3eb0-4bbe-a583-76cf1f1b7a37,1641,CORRENTE,2020-03-18,35381.09
24906a50-5025-4370-91e4-a38b0cab788d,20d3c449-dad2-41dc-8867-98f64ace67ca,9586,CORRENTE,2021-08-11,18194.9
bd4f8b3a-bbbd-4363-b14b-54a20da6ee66,aad57ddb-89c3-4613-8a4c-254e9cb10f27,5634,POUPANCA,2025-07-13,20438.47
1ee58cc2-1b7c-4a29-8883-0e4d71c1e493,93b4902c-e033-47b3-8a15-17635fddf2eb,1857,POUPANCA,2024-12-24,3295.59
810f5262-1562-4f4b-bac4-3f2f49b64a54,6cd01429-47de-4069-a9f7-baabf4c83697,7333,POUPANCA,2024-06-09,12599.79
840fc8ff-5e9d-459c-a187-616f7df026b4,7d806ef9-0a91-4b3f-a46d-adb7630444d6,3463,POUPANCA,2025-05-20,4075.1
5139b364-0545-4271-9e8f-117f2b27593a,eca49a0f-17a5-45ec-9963-749c06c513b0,3317,POUPANCA,2023-03-13,15511.59
d5424cd2-7bfa-47da-bca3-7a1693de23b5,18eb6348-fbe8-4427-a388-d6732c92bcd8,7421,CORRENTE,2023-05-14,29752.06
e32c6224-86b5-4466-af6b-c4593ac03824,2925e07d-21ad-4bcd-98bc-032e8050b450,2388,POUPANCA,2023-09-25,27946.1
fa27ac8b-17b7-458d-9e61-284a2146aa84,23f89d97-655e-48ca-8b31-af26dde1aa39,6381,CORRENTE,2026-03-06,33505.82
549dd86f-7998-4785-a090-8f2277f896e1,53f4cbd6-615c-435b-b484-083522ceb7b1,9624,CORRENTE,2025-11-25,32301.24
4b37bb29-4a50-432c-8ac6-f5cbb795055b,536617a2-a600-4f18-a54b-1401609b83a0,9331,POUPANCA,2022-02-05,911.53
e57a3528-b3d0-412e-9c0d-a92c6f6dcc55,0ebd3657-6ca9-4db9-85d5-9c622c3bbccd,3953,CORRENTE,2022-09-24,17086.62
926e25c7-4e7a-4873-937b-05803df97f90,2a687256-d395-4e33-a342-3f5a4133534c,8967,CORRENTE,2023-09-18,11327.15
e11d1233-3642-4802-98b4-5fe516072fe5,37989668-f589-4e26-aafb-2860d75cee05,3538,CORRENTE,2019-10-05,14789.61
bac89430-41e1-481e-ac28-f44483f325e9,48263949-3ca0-4068-a03e-4908163a3c35,2657,CORRENTE,2020-11-16,33096.46
68f8e3af-d185-4d9b-8b0d-e8d1e09d4b5b,95fa35ec-0468-4c52-98fc-191e359887b4,3147,POUPANCA,2018-10-03,7712.64
f3145bad-bf15-417a-a470-a7944169f571,2024d404-2d88-4ed1-b052-08786754d097,3712,POUPANCA,2024-07-07,2184.62
f91bba81-4284-46d2-89f2-6eac229464ff,e0b242d5-c6c4-4934-93cd-bcded6762f87,4891,POUPANCA,2023-01-16,30529.77
ace9183f-e059-40b3-a6f4-ece0f74a13c9,b22e8f8c-a11f-4039-9b1a-61e9f7fe5791,8355,CORRENTE,2024-09-27,26700.56
f84e1ec6-11ff-4163-a185-7625e7db86b3,0ebd3657-6ca9-4db9-85d5-9c622c3bbccd,8684,CORRENTE,2019-12-31,18392.05
e9b2ad74-178d-42e5-bd5a-93bfe7973b0c,123b92cd-0c1b-41f7-956a-5dbd70c3e16d,8218,POUPANCA,2024-04-07,38471.93
2d789822-0117-4986-b176-ef9c758e0275,3a4a1b96-e317-4118-8e4c-44d82d7d3ef9,7256,POUPANCA,2019-10-01,48313.41
9dfd4b28-0772-4530-95e0-c8dbf4a33d8a,c30df490-a253-4a8c-8931-277b587a6a0e,4271,CORRENTE,2019-11-21,43650.1
ec901979-a7c8-4fa5-92fc-8ce22e240e34,c3e8f07b-3100-4f22-8b81-de0d83679908,8873,POUPANCA,2021-11-23,27727.04
547faec3-86c0-48e8-8a09-e1e873cbc055,91c727ac-03b4-446a-b834-2b65d24e5fb2,9452,CORRENTE,2023-07-03,14253.15
67fcaf43-e76f-4d9f-b7ad-286a8694d8be,d37e10cc-48cd-4889-ace3-57797e5f315b,3626,POUPANCA,2024-12-05,22465.96
3aac1f1e-c469-418f-b1de-1f9cf09ea3fa,e6240a6b-ce9f-456b-836e-9fc2f311e6a0,3414,POUPANCA,2020-12-12,4585.68
cbda2699-5528-4882-a390-d75d8f40a14c,996c62fa-5cd7-4000-b817-74d993380592,4637,POUPANCA,2019-02-15,44231.49
3097e442-4e8d-4936-9b2a-7ba8e52b30c2,ae89fd49-b77e-48bf-8c13-a5a63460ab30,1436,POUPANCA,2026-06-27,2662.84
7d7c0f47-787a-4163-a259-d41cac9fda69,bb8d6d47-3726-400e-b992-e1d5ff1fdc57,7126,CORRENTE,2024-11-04,19308.31
4143b781-834f-41f0-94c3-b8f372561d79,35a436c2-b52e-4bab-bd29-7fe7f34eebb3,7142,CORRENTE,2024-02-10,1409.38
b8d8356d-1ba4-49a8-8f54-41f583e5def3,ae89fd49-b77e-48bf-8c13-a5a63460ab30,2623,POUPANCA,2021-10-28,39569.03
a6ad6ea6-176a-483a-903a-b38ed65884be,37989668-f589-4e26-aafb-2860d75cee05,1627,POUPANCA,2024-09-10,45869.81
f3864516-b127-41a5-810b-ec7c3a4980c2,555e71b5-3d5b-45bf-854b-4044758e5bda,3273,POUPANCA,2025-04-15,22430.07
72fe4461-57d1-4f12-a942-41b853adbde6,1b36a551-c9ff-4a3c-9f27-ff8b39b9ab49,2298,CORRENTE,2020-10-16,12796.2
965017a7-fc9c-4722-aef2-03ff8cee06c5,e55d221f-571e-42c3-bb8d-d5ef5060d928,3449,POUPANCA,2024-06-11,5559.34
a5a62217-59b0-4fcb-8956-200a81a5f2e8,b85426ca-b79d-47dd-a3a3-28addb1607af,4893,POUPANCA,2023-11-08,6092.42
66a84db9-5f93-4ceb-bf08-4d25c1290eba,9d13c98f-98a5-4602-ba1e-e64274db2fbc,7878,POUPANCA,2022-03-26,3140.36
0ac1c354-a7dc-46d4-acde-e757fd77440a,76d52d8c-610a-441c-a280-a47cd1e9df70,9189,CORRENTE,2024-09-07,31597.75
0399951d-4f64-42d7-95a8-41162e81028d,1e077136-b1d4-436a-8625-fd9006ec8162,4963,CORRENTE,2022-07-27,14563.6
4483d5cd-027a-4120-8833-107cbd426791,f62aa64d-a1d4-44be-9a05-729319adccc3,6780,CORRENTE,2020-03-25,28533.19
537aeb1e-4902-4e7c-aa1c-2621ef6b49c3,a7ffff0c-3321-40d4-b31a-482debb774bf,2402,POUPANCA,2022-05-29,3383.97
c839884a-c514-42f2-a14c-6675a75e4ded,7adee904-f186-4a04-b7b7-922fcd618877,9914,CORRENTE,2021-09-07,19522.69
06b18e6e-0b69-4045-bdae-b7df48128581,4cd32e1e-ac8d-4e0f-81ef-37fac62a799f,1713,POUPANCA,2025-06-19,49051.97
a728af7d-426d-4e67-af21-3c879dd6419c,dcace07c-a1e4-4dae-aa74-bb975c0f5476,1266,POUPANCA,2022-08-30,39426.0
4d233402-d3fb-4919-90d7-9f81f91750fa,aa741d86-08da-4804-b1f1-ea8f16d26dfd,4950,CORRENTE,2022-12-12,38575.07
cc1f34dc-bcff-4332-803f-64924775f6bd,01540994-95ea-4e9a-9785-5e8c994acf10,6447,CORRENTE,2021-02-11,2216.78
880477f0-7798-41a4-a60c-cabda8b8c01e,8791fd09-9db4-4efd-9576-0e9a06f31323,6546,CORRENTE,2021-01-07,41519.18
86643725-9372-4e91-a144-179295ece5a6,ebe29632-e3ae-4855-8e00-63d3b909483a,8612,POUPANCA,2022-04-25,31586.79
95025339-8104-47e5-80e7-ce64a016b70c,32ad1ca8-8c74-4cca-a3f1-b8d183f4b41a,3209,CORRENTE,2023-02-07,35802.25
a259aba0-31f5-44b4-8dfd-b19430cd9dd2,111b6108-3162-4021-a429-5d6ce4cb615d,8498,CORRENTE,2024-10-14,14672.13
8e896181-65b0-480f-934e-7884048cfcc7,47cb969e-6393-49fa-a7b4-a894c5873d9f,4268,CORRENTE,2026-03-04,15779.79
5b1b71e1-4957-424a-a594-236affe239bc,0ebd3657-6ca9-4db9-85d5-9c622c3bbccd,9444,POUPANCA,2026-07-14,49456.14
1c612124-3c7f-43e0-b2ef-c12889b22e70,ce4533e6-a4d3-4ec0-b5da-e8a7c1db09cf,8756,POUPANCA,2025-08-07,1831.04
09359520-921e-4b88-b350-f5fb46e5424b,9b800837-9fe7-4f3f-9fb4-3444e9ce7f67,4131,POUPANCA,2020-08-14,17848.71
316c3d1d-065f-4ce6-b119-c9b1a3736dfa,1ef2be0b-bd63-447d-ab42-fa5af36c87d4,1783,POUPANCA,2021-04-09,13660.83
25205cf7-ca57-435b-bfed-ed6252e177c6,363eedf5-1aa6-410b-9fc5-d09396bd5fb0,7029,POUPANCA,2024-01-30,44474.33
0a35f3a0-3a09-4322-bfad-f4f18a338436,fb29f058-2733-4ab5-84bf-9f8cb00f2d68,8204,POUPANCA,2025-12-21,16951.83
5c430871-7a02-4190-abbf-3c046e111b0e,a7ffff0c-3321-40d4-b31a-482debb774bf,9129,POUPANCA,2019-06-01,18367.35
b5bbfa09-442a-4304-920e-4028a2408441,735a80f3-4c35-456e-83df-1d059485134c,9507,POUPANCA,2021-04-10,40057.4
3ecbacd0-11f6-4486-b285-e51de2fe876b,fa8d3bed-233d-4bf2-bf0c-9ed5306adf71,7955,CORRENTE,2022-02-17,21530.36
1d0e8506-ce34-4aab-9d5c-02fb4945beb0,470172ee-4e7b-4ed1-a89f-96788a6ac773,3956,POUPANCA,2025-03-25,16060.57
6445d9a2-314e-4d2e-80a0-950e432eaaf3,588c7370-7801-4d41-a115-5b881b68ebe5,6372,POUPANCA,2021-05-02,15324.79
21f859a2-b77d-49dd-879f-3b7e0d297162,d5dce6d6-3c4b-4027-88c5-acebfe583190,7981,CORRENTE,2025-11-12,34488.24
22309dfc-b809-42a9-9fc5-2808820d9539,d9a3d0a4-8dc8-411f-936d-a038bc474a0b,8325,CORRENTE,2019-06-11,36340.72
85fe8ad9-0e7e-4b9b-963a-65736a40bacd,996c62fa-5cd7-4000-b817-74d993380592,6776,POUPANCA,2024-01-27,13727.77
d3cebc5a-4527-42cb-ab57-2ab25b1e30b0,62d6e0a9-b39f-4cf8-9386-c6a92abf5f6c,1939,CORRENTE,2019-05-08,33559.19
4eb5936e-377a-4cc5-a94e-28ae46b9f937,6341c3e5-af26-425b-b5d5-f01350b8dc63,6952,CORRENTE,2019-04-30,47639.47
d0843ec9-f8b2-4ad2-a052-4e893d7be3fb,2dd98fc6-6bd0-4294-a079-555219a64b0a,8179,CORRENTE,2024-11-18,6311.5
1cc7af1b-3aec-4373-b90d-5b7b01f4d0b6,26bce6fb-5332-408b-a788-d746b0541694,7001,POUPANCA,2020-09-18,19142.72
662032fb-6fa6-49eb-bf94-7ae7cf5ae762,61782829-4fa9-40a0-aea2-009847c00d67,1530,CORRENTE,2019-06-21,33953.1
143038f4-bafd-41b7-8ba6-32da200a171e,78ddbfc8-4354-41fc-89a7-2c0ed4829fea,7077,POUPANCA,2020-01-29,22196.96
0af825c5-fe89-4ef3-ba44-93382434185b,2a48781f-e113-4ae2-ba7b-67a896a85928,3255,POUPANCA,2023-07-27,19901.7
08cf7210-7198-44b0-a96f-14fd475d262b,11fc6cb3-6ec5-4af4-b4bb-bfb6be87f34f,5566,CORRENTE,2019-03-01,48026.0
edb08596-4f2a-4a96-ab1c-480288997724,822bf1ce-fd01-43a9-b3ef-deb799a931df,4048,POUPANCA,2019-05-24,25887.26
2ff98c3f-0a21-4911-8b88-dc379ea1bff6,91338b05-9c48-46bd-9640-23c4df909379,2929,POUPANCA,2024-12-30,38748.22
3042d697-e734-46c7-8405-39fe4246b165,7c5060fd-203f-478d-9151-ed487410b119,8311,CORRENTE,2021-02-08,49818.26
e3927b42-367e-4114-b306-659927935aad,8d8c9aef-90bf-4e7f-9525-06d9d5dc9a31,9047,CORRENTE,2023-05-22,6131.87
9501b5d5-e2ba-4a68-9c08-7ff16dea70ef,7d806ef9-0a91-4b3f-a46d-adb7630444d6,2213,POUPANCA,2026-08-01,8632.82
3e6eb041-b46b-4130-a956-1265198fa660,0daa7714-7201-43e4-8ea8-509899c752f1,8292,CORRENTE,2022-11-13,40525.66
8b986bd8-9755-4cce-9105-2ad70db651ad,84c36eb3-cba4-4f5b-b4f0-fdb8a1065e4b,6236,POUPANCA,2025-07-20,35477.02
9cdbabcc-00fc-496d-bdb5-cf0ad4dc8eef,63c6ac7c-c80c-4ce1-ab6e-d2ee4fec5727,9882,POUPANCA,2026-02-10,44566.58
fec711f5-236c-417d-ac8a-87daa3cdb37c,cf8c3e04-2a78-4834-be65-374c6c27181b,3580,CORRENTE,2018-10-07,39684.82
85d1fed8-0de9-4002-8661-1126da089be0,f18239be-cee3-476b-8b3f-4d1f64cacbe4,4673,CORRENTE,2022-04-13,49256.63
45e6ab39-a1f4-41cc-a4c4-15a901eb7297,62d6e0a9-b39f-4cf8-9386-c6a92abf5f6c,3275,CORRENTE,2024-06-07,39518.65
e42b11b9-534d-4aff-942d-c3cd1082d633,822bf1ce-fd01-43a9-b3ef-deb799a931df,6912,POUPANCA,2023-01-01,23370.29
2866b050-ae29-46ca-ae87-971b608e3e3b,314bfa83-fee2-4e80-a274-8cdc1ca09cf9,3126,CORRENTE,2026-08-09,3287.41
0536feba-70fd-4c17-b57e-1c422fb5d603,ddd89f78-3f62-464b-8dc5-ef01837bc824,8842,POUPANCA,2024-11-21,38458.23
0cc84324-b6ef-4b08-8cb6-bdd9a7e83a3e,470172ee-4e7b-4ed1-a89f-96788a6ac773,2208,CORRENTE,2019-11-01,48618.99
8a83e82b-698d-4aa0-892a-4da47925c903,854dd160-7a32-4ac7-ac3c-f4623e4aad9e,2215,POUPANCA,2022-10-03,23291.66
2779f242-21a5-4bf9-9a46-991d28b45e5e,817f5229-d4ee-4167-be00-ed2a0abb505e,6644,CORRENTE,2022-11-28,43898.01
e93cf2f8-b6c3-4868-9e7d-0b4cdd95861d,1ef2be0b-bd63-447d-ab42-fa5af36c87d4,3981,CORRENTE,2023-01-21,21630.91
8fe343a4-77d8-4909-adb4-6aa091a4ef70,996c62fa-5cd7-4000-b817-74d993380592,1907,CORRENTE,2024-07-02,25905.11
bd809383-e5ff-4cb6-9302-42b5947bdd14,f74d0d81-ea8d-485b-a77c-d911b70d906a,3697,CORRENTE,2024-06-06,16133.04
fd5c67b3-20e2-4cbb-afa7-0e7ffc038984,773b341a-5e47-4b22-9a4c-415222a59acc,4694,POUPANCA,2026-03-25,47374.16
c76a6543-ee2a-4324-bb42-ec1ed11781e6,fe05acb7-8ab6-4ae7-81d8-a0c030626dee,5653,CORRENTE,2023-03-16,12530.27
ebbfce13-04ab-44c4-bf16-7c2c00f0fc45,3e27e00b-b203-426a-8f9f-4c10c20c6ecf,5496,CORRENTE,2024-08-11,31251.12
a1f24348-d803-428d-a32b-546032ab999f,272a0951-9e49-406f-9858-7807f72fb1eb,9740,CORRENTE,2019-09-26,25128.66
0a889b9b-bbee-414b-a40a-825abcb845af,6ac0ba43-1586-41e3-94b4-7f655f452b48,3526,CORRENTE,2022-02-14,32936.64
6b6972e1-4aae-4064-8766-63a14f5c7461,dfe816eb-1f3a-4d2e-bd3a-e2e175eea04d,6531,CORRENTE,2018-10-17,41261.81
94bc354e-8262-4a79-935c-e8e4a78cf123,481a1d7b-f3c3-4889-819a-9a0baa9e0637,2330,CORRENTE,2023-12-01,47427.34
e50318ac-83e0-4c23-8711-a1eff990dc6c,8460c08c-91a6-4d82-89be-fd8262891efe,5336,CORRENTE,2020-04-16,38347.95
c00b43df-f2d0-43bf-bfda-21814f2a4f5e,43356d0a-0932-47cc-acd5-7994315c64d1,1496,POUPANCA,2026-06-04,44449.84
dbf1ca3e-13de-4807-97b3-af82e3fa4ba1,8791fd09-9db4-4efd-9576-0e9a06f31323,5745,POUPANCA,2025-09-30,24147.24
f4bfde97-69b4-4173-a8a7-592cb830042c,1c76953f-8eab-4157-8ea5-d8ec3a927efb,7653,POUPANCA,2025-01-07,22677.21
3657a409-2d30-4f82-858d-81514a7cfeb8,dd12e1cb-9da0-4ee3-bf22-ce93284381ef,1981,CORRENTE,2018-09-26,21980.27
52373342-aff7-4be6-b73d-8be813e56444,4afccb13-1e0b-4789-ab27-417596dfd3c7,8609,CORRENTE,2024-09-30,17009.63
aeac194a-2b92-4ff4-b227-1de18b4cec05,2dd98fc6-6bd0-4294-a079-555219a64b0a,6121,POUPANCA,2022-04-16,36709.99
30e125be-c415-452a-ac12-8f8dff6bbda0,2e8e35f8-b8ed-4b74-bd2d-601d530d353f,6658,POUPANCA,2024-08-25,6538.31
adf21ac0-c50d-42ac-8869-f8d2843b5f29,fc433f26-7342-4ce9-9143-b7c9276f0316,9437,CORRENTE,2023-03-22,15955.79
b5fb663c-ffdd-4ea7-833f-0eeb7c645284,1f2f154e-f758-4353-9274-bde72f826ca7,3007,POUPANCA,2025-01-19,22479.8
766716ae-c703-4517-8ef6-515266f0de31,5e7f2fa9-ae23-4880-a342-ab710dc01c7d,2586,CORRENTE,2021-08-11,14510.6
316f986f-c49b-4b6b-bc73-439b25f1c995,461c71a5-e16a-4465-a23a-59b923aa13a4,7850,CORRENTE,2020-10-01,48134.29
5e557ccf-8c23-412e-9bbc-0446f7fb248a,416eb904-6502-40ae-ada0-0f727d8c83e0,3616,POUPANCA,2024-12-16,46687.58
18f9c601-314f-4b74-b98f-33bd6b47259c,9fff91fd-74c6-4464-96a4-927826cc05ae,6123,CORRENTE,2024-04-19,38156.07
05f9ec32-4b01-4dd8-82d4-5492a263cdcd,6d1e8ddf-f9cc-4d66-bdcd-1e86aee9b18f,9433,POUPANCA,2026-07-03,24937.99
b57556f6-07fa-43c9-86e3-58d2cf4dd426,36900923-ec41-434b-8386-ca59d6babec7,9148,CORRENTE,2025-09-05,4502.45
13470df7-0477-4b3f-b1f9-974706faff25,8ebe4c14-af34-49c1-a0ca-591cb02cd92d,9281,POUPANCA,2026-03-01,48334.33
1a4a57cf-a35f-4326-bb8d-bb1a3793146d,2facd72b-5491-4a86-ac6e-829316f4dc3a,6781,CORRENTE,2023-03-02,2527.02
74a0e1fe-f02b-45d5-9911-e4f7661954ca,54089776-20c4-4c4c-9f3e-e9c3939ee5f8,8710,POUPANCA,2024-06-29,26834.54
685c7fd5-69ea-42ba-9308-c5f5fca83a7f,d598f4c2-180e-4254-b6ab-0691708ce98b,2761,POUPANCA,2023-11-09,6696.75
7d762be0-1a96-4b1a-b0b6-66522574127a,8586b8ac-25b5-46cd-a8a8-81602896cd84,6992,POUPANCA,2019-01-13,18296.87
a1bb19a1-0cc0-4afe-9903-bf19b700097a,c13f8e73-9adb-495a-9d88-cb6d630f6c82,1838,CORRENTE,2023-11-04,18126.19
6ebeda54-0457-472e-8cb7-3ff8d82995bb,b85426ca-b79d-47dd-a3a3-28addb1607af,2204,POUPANCA,2022-06-28,25212.78
3c49602f-f6ea-4a10-986d-7ac4fb0f4ba0,5005f93f-9ae2-4acf-8e70-238a90283005,5582,CORRENTE,2020-02-09,6433.17
5e70f2ed-f09c-4a22-80b6-f5ed21e87c2f,29cc5aa5-3f0b-4e89-ae2e-88ec568860d5,7453,POUPANCA,2024-05-30,39744.86
6ec86c23-3f42-4c2f-a0e0-3e718bffb7bc,93b4902c-e033-47b3-8a15-17635fddf2eb,6990,CORRENTE,2026-08-02,9952.89
6eb1c34f-7e79-44ec-9c0c-33edb6c5a7e5,f18239be-cee3-476b-8b3f-4d1f64cacbe4,7576,CORRENTE,2026-03-06,2265.17
859edbf1-967c-4b99-999e-1495e6238983,37989668-f589-4e26-aafb-2860d75cee05,6456,POUPANCA,2025-03-03,25966.64
1c739942-438c-4c6c-bd7b-dd9041899a6a,0c170117-1438-4ec5-8b81-839d693b6770,9446,CORRENTE,2023-02-16,16398.29
aafb982b-8e57-4d59-bb6f-48f0516d5858,99a9d456-9044-4973-ac55-cf161448cc42,6218,CORRENTE,2026-05-13,19647.73
f87f1b47-53dc-444f-8bb7-9a696d746c42,99c1b0ad-5e35-4387-bf76-30441161c421,5902,POUPANCA,2020-08-03,25365.75
be07c18b-46ba-4799-9ee1-b9060213ae5f,f18239be-cee3-476b-8b3f-4d1f64cacbe4,9721,POUPANCA,2020-02-29,35436.99
befd0dd2-ff9a-4a63-acaa-7e43623738aa,a1a5153d-47f0-444a-9970-e93ef648b800,8780,CORRENTE,2019-04-25,18417.89
5aab00b1-be93-43be-9b47-f207dec129ff,d6b13b23-f985-4317-848e-8fe6ebbeb19d,2795,POUPANCA,2021-10-18,29185.11
adf3fbb4-4227-446a-8a05-58391f22d7ba,0d98e703-ce2a-47ab-88aa-9a5f4900aa20,1436,POUPANCA,2025-10-24,13276.52
e49931b8-11e3-4b93-8412-1db44c9eeea9,18eb6348-fbe8-4427-a388-d6732c92bcd8,4728,CORRENTE,2019-10-23,29176.16
d69f09db-ef5a-459c-a112-bb0f7673e487,efb4b35e-644b-40a3-b668-5e0eeb4a2c71,9589,POUPANCA,2023-01-16,7388.79
7943b493-e042-4bce-b5ac-535504af5b84,621c9db7-8698-4c70-9ab6-6fe31eb1eef4,4968,CORRENTE,2021-09-05,28628.51
9ec5d566-7f40-40c9-93f8-c151ef229673,3cb76962-dbd6-4555-98a2-0d7e97b80792,2800,CORRENTE,2019-02-09,946.87
bba247ca-49b8-4c11-90e2-2f6a9b6aceac,f1d4a117-4467-4930-a272-ae2d66add067,7861,CORRENTE,2022-04-09,20648.01
8e1d6e0d-6d68-4fcc-bc9d-f157bbc3520f,fada9d1c-743d-4cb4-9666-edb5a23b5b72,7723,POUPANCA,2022-11-21,43640.89
d6de239c-c9f6-431e-b12e-dec20ff3f46e,01540994-95ea-4e9a-9785-5e8c994acf10,2020,CORRENTE,2021-11-24,25934.16
7a98cce2-0f63-48aa-ac51-e0b8d27445d1,bb2169e2-80f4-42c8-88f3-ff73e6bfb359,6325,POUPANCA,2020-02-15,26273.86
fabe8b31-0b0c-44db-bcf1-f305b2a9a126,f1d4a117-4467-4930-a272-ae2d66add067,3837,POUPANCA,2021-11-06,45606.21
93ea1566-4436-4a43-aff2-dd17b3eb875a,469be8e1-7cf7-4f11-a651-157d243d31b3,9950,POUPANCA,2019-08-21,33793.43
871dd930-2cae-4e62-8d02-ceb650170b5a,753568d8-0c0d-42a6-b36b-6cc7d4d121d0,5331,POUPANCA,2021-07-20,9613.21
7d3fe84b-598f-4b0a-a5ef-0141ecfbb94e,c049e867-6642-46f5-9255-2ead743dc4a6,5571,POUPANCA,2026-06-13,11243.35
ed99ed32-a81a-4b55-a225-a2890f1c3001,5702252b-e48b-47d9-ba6f-51d1b462546f,5876,POUPANCA,2024-06-13,35245.05
1af13fd1-881b-4a66-b73a-9573721ca5db,37d90d0d-8d6b-4196-ae66-e894c0a680d3,9011,POUPANCA,2020-10-18,23990.17
61a70c24-4ebb-44fb-a516-e04920b6b0dd,032411e8-5644-4a9c-b44e-8b559dd2341d,5480,POUPANCA,2025-10-01,6093.71
f883ee91-4ab4-4daf-81d0-919903799830,4516497f-1e26-4577-8dae-c484b1a9f363,9899,POUPANCA,2023-04-05,44788.02
fbec0b68-49f7-45da-8321-79f037ab96e1,9414269b-c722-4e9f-8a96-3165c84b401a,6654,CORRENTE,2025-11-29,14522.63
1d66d72b-6570-4d6f-82ac-7f4273853f4e,b85426ca-b79d-47dd-a3a3-28addb1607af,2294,POUPANCA,2025-03-12,46200.48
a2801356-9a37-4eff-8d76-c5b6fc34aba2,18eb6348-fbe8-4427-a388-d6732c92bcd8,5201,POUPANCA,2025-12-21,10699.34
6f8f8465-4439-4749-93cd-91d5f5b04c73,24ca1e05-a568-43a0-b6a7-af7028d61fcd,9824,POUPANCA,2019-09-05,46651.2
0d898f4b-a838-4726-9a15-8a4e5c847c71,f7394e41-6e80-44d1-a9dc-84d6c2df9543,5450,CORRENTE,2021-02-21,5461.33
565680e0-a84e-4e7e-90a7-cf655f91488b,9bceb0fc-e101-4562-bb19-3e951ec7ffb1,4920,CORRENTE,2021-03-21,2538.27
832378fc-96ea-468d-a950-b23dd868ba55,4926f0bc-dba7-4cb3-b21c-13cccc43c0ed,9700,CORRENTE,2022-10-14,31897.23
d64b5dca-7eba-4eaf-9cfb-46151c5ebb8a,c3e8f07b-3100-4f22-8b81-de0d83679908,2641,POUPANCA,2021-03-04,16514.68
56b2cd27-bfb9-4108-8437-1f2bab1ee81c,555e71b5-3d5b-45bf-854b-4044758e5bda,2647,CORRENTE,2020-12-04,259.07
c11e535a-784e-4622-94b7-fddbfde3aee6,63c6ac7c-c80c-4ce1-ab6e-d2ee4fec5727,3587,POUPANCA,2020-06-26,32644.64
74c37fcc-6fbd-49c6-a75b-919ba98a377b,725df09c-3e86-4fbf-b520-6aa0dc5ca136,8793,POUPANCA,2018-09-10,32526.93
a8fbf972-9a01-4ecb-a0a4-743930898282,cb47260a-0fee-45ab-85d0-56e3152e7f2c,5706,POUPANCA,2024-12-13,14270.77
6b12eaf7-e2b6-4e3d-8b6e-97472d1e9ee6,e4788789-e60f-4dc6-aef0-9ff64ba32937,2465,CORRENTE,2024-01-16,26757.61
bae139b2-f6c9-4414-8d0b-c169bd5b93fa,bb2ee178-f850-43dd-93d2-bcc8b6e22328,1611,CORRENTE,2023-07-07,20894.25
5c99927f-74e9-40e9-aa19-98804fd5cab3,76d52d8c-610a-441c-a280-a47cd1e9df70,3880,CORRENTE,2022-01-08,49858.59
8428eb6f-c2b3-42f9-b66a-0982e42f8a3a,ddd89f78-3f62-464b-8dc5-ef01837bc824,9116,CORRENTE,2020-07-10,46830.44
37045b17-b4b5-49bc-8100-4ed27a06075b,f7bd54cd-c40b-449e-9c36-a5dbfb567f6b,5742,CORRENTE,2026-07-11,463.36
a0e148ad-68de-4d1f-9379-cd759feb41a6,61782829-4fa9-40a0-aea2-009847c00d67,2758,POUPANCA,2021-04-08,14228.08
ea8c569c-3a9b-4784-bc01-d412065f3651,854dd160-7a32-4ac7-ac3c-f4623e4aad9e,9901,POUPANCA,2026-07-30,44463.0
a6acb456-1059-4c76-a2be-348104cf9ffb,a83f67c9-23e2-4423-81ba-fe8c6fcb8654,9261,POUPANCA,2026-08-12,13641.85
1c70637b-9901-47d0-928f-9bae3497ed4e,227c89ec-f3c3-4b06-af45-ce3aaeb2b3a2,2845,POUPANCA,2024-02-22,8124.71
6a9edae2-36e0-4dcc-9b45-fa529eab3263,465b223c-3207-4064-a9c3-6cd6b07bc650,5215,CORRENTE,2023-01-22,704.21
a717c82d-1c36-4abd-9b6a-cedfef53d1d3,703837a9-2dbc-4ad5-adbb-ab413b6a129d,5833,CORRENTE,2025-09-12,8774.75
6490b9dc-07b4-413f-ba07-32336bc5ab42,fb108ecf-6f30-4557-a6be-43d77dde71ae,7643,POUPANCA,2026-04-10,25764.03
06bd9f82-a0c5-4137-9794-fbb9b3d23633,e4f72333-4fe5-45ca-bd8b-429834480ffd,7567,CORRENTE,2018-12-23,9239.06
19819464-31f2-4be5-ae5d-07d87aea6eb6,2287588d-bf4a-444b-8f4e-b775af2fc84a,8822,POUPANCA,2026-08-19,46791.27
338e0878-530d-4637-b66c-7d270fbbdf3e,9f38cba5-c811-4748-a8f8-cb977cfaaf54,5272,POUPANCA,2022-08-12,11776.06
c237601a-dc4f-4c9d-aa26-fb47903085ea,b22e8f8c-a11f-4039-9b1a-61e9f7fe5791,5374,POUPANCA,2026-04-07,15097.29
5b7486b1-bb4f-44db-a26f-19d350b34ba1,bb2ee178-f850-43dd-93d2-bcc8b6e22328,1187,POUPANCA,2023-12-06,32684.17
2be88e8d-be86-448a-a4f2-446b20e54b25,45ee2b1f-c050-459f-88ce-ac01c390b8d9,4871,CORRENTE,2025-11-21,33389.31
03639043-71a8-47aa-98b9-fbef24cb8592,1f2f154e-f758-4353-9274-bde72f826ca7,6026,CORRENTE,2022-10-29,20270.83
5d058a76-0510-498c-82a9-af6ef6e34fe2,bb8d6d47-3726-400e-b992-e1d5ff1fdc57,6095,CORRENTE,2019-03-01,31935.57
5dbdae53-da5c-4d2f-91f9-d3b37bee9973,7be4cfd7-5c6f-441e-9e9a-e5edb4a95821,5833,POUPANCA,2021-09-13,30731.27
1c8af72c-0601-4af9-ade3-2c03589793c2,40e37491-1a6e-4954-8706-ce6f9af4f3bf,3188,POUPANCA,2018-09-22,7659.28
1ff555d7-a38b-458e-80f4-bb4cf0e84ade,648e3d4c-0531-46fe-91b0-c3d84d1dc3d0,7121,POUPANCA,2023-11-29,35097.04
fe8a6087-aacf-4cf0-912d-30c0dd484a87,91338b05-9c48-46bd-9640-23c4df909379,8714,CORRENTE,2022-08-04,38092.98
3bf0f24d-128f-4c66-b8bd-0ccf43ca6c8d,621c9db7-8698-4c70-9ab6-6fe31eb1eef4,2341,POUPANCA,2021-06-20,26408.66
6682f3e9-df2a-4fe3-9a5a-082436e45ade,2ac8f101-6ddf-4715-b72e-8ab88ade7545,2279,CORRENTE,2021-03-18,3087.9
abee8b6f-06d6-4e45-8eca-cfb6584a5dc0,d341dea6-881e-4635-8b44-b28ecec8a2fe,9281,CORRENTE,2021-09-07,28635.08
0933963d-2aeb-4e97-bea1-fa9257ebfb0e,0c170117-1438-4ec5-8b81-839d693b6770,3695,POUPANCA,2019-08-02,42724.3
e040ff20-1541-4697-ac7f-2b6653191248,8315a2a2-789b-4955-9a13-ae98f9b868d1,2904,CORRENTE,2018-09-20,35845.9
07b58e45-5d35-4e66-9dea-e3aa7b619847,bc69c60b-1a42-42ba-9174-9da1084d0cc9,2489,POUPANCA,2021-08-25,40434.6
16b1aabd-3702-432f-977b-c63f64cf78c9,5aa35560-467e-494b-90fc-cfe4e76df5ba,3161,POUPANCA,2026-03-31,22839.92
c441e53b-5fd3-4e90-98c3-0ba9225ee991,b7c57c9c-9951-4ea3-8a7a-cbcb1d64e527,8575,POUPANCA,2024-10-26,36164.0
366f5ee3-6d18-448d-b4d2-bc9ec76196d1,9414269b-c722-4e9f-8a96-3165c84b401a,5169,CORRENTE,2020-04-04,37290.22
404fc308-1fd7-41b4-b084-8e06221e3654,9c273ad7-303a-4c3e-933d-f00e65957da0,2196,CORRENTE,2022-02-04,21184.87
5e264e55-99c5-4e15-b1bb-f3819fdd4b9e,3cb76962-dbd6-4555-98a2-0d7e97b80792,2044,CORRENTE,2021-09-09,46729.14
7899d824-4fac-4c66-b432-55db05ac237d,6e695055-07a0-4973-8a88-ca6286a1ce26,8734,CORRENTE,2018-10-01,14354.54
9f8cee71-cd6c-43d6-9fdb-92615489ba83,2024d404-2d88-4ed1-b052-08786754d097,3218,POUPANCA,2019-07-15,18723.05
d72f9a06-6b08-4d7b-805f-071a95020fba,9457cc01-5431-4def-9e8c-08c38eaf7f7d,7266,POUPANCA,2022-05-04,43481.01
95353c3a-8821-49aa-914c-015d3855faea,2562c4f2-eb39-4cc7-9b8a-41bd565d25d9,7184,POUPANCA,2022-11-10,4012.5
6c32484c-a844-409b-89be-78a504539510,daaf1dc3-7800-4e62-9b63-96bd810c8527,9835,CORRENTE,2020-05-09,32676.7
291c3e51-7323-43df-b077-9ca677784731,40677614-7be6-448d-a389-8a11c187821d,2943,CORRENTE,2019-05-25,49642.34
8f04fd95-c9fd-44b3-bc89-70aa47df6b06,8ebe4c14-af34-49c1-a0ca-591cb02cd92d,9664,CORRENTE,2023-03-05,36392.91
f2e2bb16-476d-43dc-a178-f287ea1cbb3b,f3611cd3-2e9d-4162-9953-9f65214b1f69,1056,CORRENTE,2023-01-18,48924.53
cf919c68-43fa-461b-9aff-88a6632ff698,f3fbeab1-12ab-4ade-835d-4184de7f64e6,9920,POUPANCA,2026-04-26,26596.68
8ab17b63-65dd-4008-a97e-e92ede394202,470172ee-4e7b-4ed1-a89f-96788a6ac773,4762,CORRENTE,2019-12-25,23031.26
531e4d2e-7d6c-40da-bed0-11d3851bdd6b,0945bf66-d8e6-4f29-91f9-5b4969806028,5516,CORRENTE,2022-03-03,46870.52
cbe7dd0f-8b8c-40b9-b9d3-1f5ceeb9ee5f,f2b3a2c2-476c-4c6d-8b32-4ca0986b9532,2848,CORRENTE,2019-09-23,40473.91
e1b8a316-cc57-473e-885a-60340c2951ab,8dc74f84-4aaa-45b8-84c3-e6d672b34d54,1256,CORRENTE,2026-06-10,10304.08
4b1276f0-6960-4ae5-a006-b9eb34c245d8,5716fd2a-c998-4297-a971-be6aed2fb795,1550,POUPANCA,2022-10-27,29889.24
f08b92ce-456b-458c-83e8-bac4e199f52e,7c5060fd-203f-478d-9151-ed487410b119,1797,CORRENTE,2018-09-25,37027.05
21366c4b-8dc6-49f7-84f1-2ef13620889d,c13f8e73-9adb-495a-9d88-cb6d630f6c82,8191,CORRENTE,2019-12-31,26987.99
b2505795-c700-4670-a820-56d38ca9b9fd,e4a9fe33-91d4-4cf9-9c20-c2cce5ff1083,1924,CORRENTE,2025-03-21,25194.79
d085d758-3993-4614-8eed-e9da9d87a867,061474db-f823-4cb5-9c0d-8ae7fe8e01b0,4836,POUPANCA,2024-04-05,28873.74
2d552454-6638-436d-8783-8badbe0caa4e,e29fd7bb-93a2-47ae-8eba-1d5205058a8f,6253,CORRENTE,2020-10-20,15088.22
b785b2da-af19-4b85-8856-056461d9fe8d,2dd98fc6-6bd0-4294-a079-555219a64b0a,9540,CORRENTE,2020-08-06,20678.01
f96e2d02-e549-4626-ab4f-7911b4a323a9,c07cfe16-19cf-4c58-9ade-865bb9d96de3,1998,CORRENTE,2022-09-05,31299.66
17c6a08a-27d7-428b-9991-6f1b0f45e3f8,98ec4d55-20cc-4ca3-9fcf-738b01b40804,9120,CORRENTE,2022-01-14,48614.51
9bca1865-8d11-43cb-ad8f-88a921227e04,dd7e339d-e203-42a3-804a-6cea63452d5a,7244,POUPANCA,2021-11-09,34815.42
e57d5fce-3ac9-4b16-a441-2ee1040d05c5,f62085b6-955c-4ec9-8381-14dff3186564,3444,POUPANCA,2021-03-21,18823.01
7927bd2d-0fd8-42ff-8397-9341f119527c,e4a9fe33-91d4-4cf9-9c20-c2cce5ff1083,9813,POUPANCA,2021-10-10,12048.41
2f54d4ca-4b54-4b1c-a1b6-78eca9707b0a,ac41c734-6987-4e79-b08f-05a799e29d91,5927,CORRENTE,2022-04-26,40288.81
4e0afcb8-bc50-45ba-bb2f-7bea71b1df37,1b02bfc8-4ffc-40a1-be69-09b64d47225a,1944,POUPANCA,2026-04-06,48389.31
83d229b7-9969-41c3-b621-41cc448784e8,da5acecd-c89e-4ae2-8f51-a5933b8fdaab,9683,CORRENTE,2020-03-23,19420.95
828ae02b-5938-40af-88a9-c0ef8224a727,a3470786-b9e3-4a29-9dd1-b2a52ed877db,4331,POUPANCA,2023-03-28,32335.29
8e5fa56e-b8ea-450d-8f26-7f60ff313bec,4ee6845f-9ad0-4228-9d61-95a6aa871676,8369,POUPANCA,2025-07-30,4623.2
8602c312-2578-49c9-89cc-6da09c4a8224,bb2ee178-f850-43dd-93d2-bcc8b6e22328,4120,CORRENTE,2020-12-19,13423.08
ee31962d-a9de-4d70-a140-af7f4d69a720,d6b13b23-f985-4317-848e-8fe6ebbeb19d,1647,CORRENTE,2019-08-07,9408.16
5be2a3a0-98b9-4541-aee3-ba42d5abae28,91ffba62-9e84-4c44-90b5-f7928764dcde,4555,POUPANCA,2022-05-28,10444.45
57e32cc4-3273-4d40-9d8c-28b7ed80f0f8,2562c4f2-eb39-4cc7-9b8a-41bd565d25d9,6455,POUPANCA,2024-04-03,47850.99
abb675d4-2c31-4260-9fc2-133861ff4429,c61c9460-c9a3-42ab-a80f-bbe57ac2002f,4470,CORRENTE,2025-10-24,48103.88
0c6d3490-bec8-4902-977e-3a25d7150df0,533ef521-9b52-4f09-b658-bae22da85cd7,8846,CORRENTE,2022-05-31,34781.31
2f853206-8117-4327-b1ab-0702ce3b8f38,7c5060fd-203f-478d-9151-ed487410b119,4350,POUPANCA,2020-01-19,45756.32
1617bea9-0f1b-40e5-8ceb-bd2df2b2553f,314bfa83-fee2-4e80-a274-8cdc1ca09cf9,6269,POUPANCA,2019-11-12,19033.09
963f9afe-e5a6-4259-be24-941160590537,31ffe91f-a9f6-4f92-b5fa-a3a6b70c5532,6886,POUPANCA,2021-09-07,13078.08
993b36fe-7f9e-45b0-bc7b-8886d101cfff,e6240a6b-ce9f-456b-836e-9fc2f311e6a0,9147,POUPANCA,2025-01-11,4930.41
3fb42d3b-ba5e-4b69-a3b2-88dac55e20a8,9fff91fd-74c6-4464-96a4-927826cc05ae,8692,POUPANCA,2022-05-14,45716.52
b31b42e3-1c69-4644-9369-7edd010a89da,fc433f26-7342-4ce9-9143-b7c9276f0316,6126,POUPANCA,2018-09-22,2285.77
27f02966-633e-403d-87de-69023b765c49,129b2409-d6b5-44c8-9215-95c883578db6,4625,CORRENTE,2021-09-24,811.0
7fe4ee72-6c43-4bbe-824c-b7107d5d8fb5,f071acb1-e489-47f5-8d97-2c237af58c49,7841,POUPANCA,2026-03-11,7620.57
026e3114-5c16-4779-a1c3-66a8518d83e5,e04577fa-81cb-4acb-bbbe-f5cb34c82e3d,4768,POUPANCA,2026-01-29,28489.48
718efa4a-6639-48fc-9475-4d95c6469536,a7d34f6b-358c-4e17-8f83-527d6bbb3126,9180,POUPANCA,2024-09-15,12866.34
3dde9fbc-0e80-4b44-aab5-2f5bc3b451ef,161a1d13-42e1-42b1-8762-d8d47000e5df,9005,POUPANCA,2020-05-12,23041.45
e8ead152-dffe-48ab-b2df-8029af2a85a2,764c1a84-d039-4a28-b9e3-9c4b6f9a9a00,6770,CORRENTE,2019-08-13,6997.93
08f0e3d5-46ea-4e9a-ba06-68093b5efeaf,8791fd09-9db4-4efd-9576-0e9a06f31323,9000,CORRENTE,2020-04-14,45844.97
e9c565b3-ab2c-473e-b330-b92a914180b5,df0d272a-dd3d-4ac0-8bcd-13662c5b8665,1962,CORRENTE,2021-02-05,41953.42
ab58b945-0a25-44ad-899b-bc7552a855c0,da055327-beda-4eff-addd-b353af747e1d,1794,CORRENTE,2019-01-07,20619.61
e5bda092-1d1e-429d-8144-27bc3bebdb3c,d4d55a3c-4276-4597-9117-ea3e972cc712,4791,CORRENTE,2019-10-24,35358.48
a63bbc39-7fce-4e4e-8e56-0b26b8735686,42715aaf-993a-4024-80e9-c90bbc266b13,4583,POUPANCA,2022-01-11,18660.03
4d7cd8d9-bb7b-42f8-99ae-0ea3abd6e219,c3845e64-01e7-498d-81c1-4b8ba5e7f180,8916,POUPANCA,2022-04-04,786.59
e13e43db-c470-4d17-8425-21688155e69c,9b3d7e5f-1e3b-4fa9-ac4b-1c18115a21ee,7739,CORRENTE,2025-01-01,836.31
f6f87685-d8ee-4f9e-9cfc-205deba34eb8,9fff91fd-74c6-4464-96a4-927826cc05ae,5501,POUPANCA,2021-06-29,857.13
3974bce2-94cb-4a74-a2df-06fdd5c41e2d,2b6638b5-6548-453e-9482-75ca5508f25b,8054,CORRENTE,2026-05-04,5350.82
16d80780-4185-4faa-96a7-2678e8b13cfc,29cc5aa5-3f0b-4e89-ae2e-88ec568860d5,9591,CORRENTE,2018-12-11,12048.44
41a6f8e7-4d4f-4845-820f-125070f4bac5,74e79126-e161-46e0-bb37-794b8f5bb2ce,9625,POUPANCA,2020-01-15,40760.72
600c024c-256a-4281-952a-d607ef1fdafa,eafd51b8-9718-4cbf-b5e5-90aa790f1cd8,7502,CORRENTE,2024-05-04,18652.58
b1f5385a-0c5a-4e64-95ea-e81be13d031f,6341c3e5-af26-425b-b5d5-f01350b8dc63,8520,CORRENTE,2020-05-14,49511.65
978040b2-8fbb-450a-8ae7-47c8fdf3ff4f,ac41c734-6987-4e79-b08f-05a799e29d91,5914,CORRENTE,2022-10-02,32686.79
e1bec0da-3fc0-4c04-816b-a7c22ce78f8b,a5c4aa6f-5aaf-41d7-bd61-9078b91f8303,1519,CORRENTE,2024-05-01,20263.91
e86fe049-7dc1-437c-9c30-ea2be2e36730,954f1627-1faa-4aa4-a55c-1a1824f496db,8798,CORRENTE,2020-12-07,31837.4
e3369ece-5de6-4abb-b92b-71d1b1a68ccb,d64c0426-3028-402c-874c-304f8acfbb91,3807,CORRENTE,2019-09-08,24992.92
c2003b8a-15da-4fc0-ac5b-a8f7dcc18dfb,48a3833f-f510-4e4a-bc8e-055a6071435c,6427,CORRENTE,2022-04-04,44739.56
11208115-194b-4914-af7b-26f8f54562b7,83a47c52-6022-4beb-a7af-5c2379b3e943,1697,CORRENTE,2022-11-01,10570.85
8b8f5cf7-a87f-415b-8a2c-5683c98ea4ad,753568d8-0c0d-42a6-b36b-6cc7d4d121d0,8790,POUPANCA,2023-05-10,2328.1
475d98b8-a9a8-42ca-a543-eee9ef930603,da055327-beda-4eff-addd-b353af747e1d,5593,CORRENTE,2022-11-21,8967.73
2852bfd9-ad92-417f-bb11-da1c15dc248f,cf8c3e04-2a78-4834-be65-374c6c27181b,6152,CORRENTE,2025-06-23,48073.46
d7b7874b-ebfe-4ec8-906c-c339323944cd,b0637186-c861-4f3f-bb7d-d28118cea774,3362,POUPANCA,2024-06-22,46443.75
6590e0c8-dcb2-4aad-a346-06525400540e,a1a5153d-47f0-444a-9970-e93ef648b800,3661,CORRENTE,2024-10-01,28334.8
0fe243db-a39c-4381-a103-6dcc31651b3d,f2dc82cf-38a5-4665-a6f1-8318d338fcfb,7375,POUPANCA,2019-10-04,19192.31
ac0305d3-9bad-454f-8674-9eb594bb3971,0da78386-5f40-4453-ae9b-054c70d4eff5,3292,CORRENTE,2021-06-09,25039.64
03b664f4-d792-4bc7-adc3-ed94e021bd18,5702252b-e48b-47d9-ba6f-51d1b462546f,6666,CORRENTE,2025-01-23,4884.29
10deab9e-dc5a-4d18-a7f6-438865b44cfb,c30e4ee1-7603-42ef-acc5-6f17d34d7913,2245,POUPANCA,2025-03-05,30258.44
fa195cc6-4672-4c3a-8902-e87378fabe8a,272a0951-9e49-406f-9858-7807f72fb1eb,7499,POUPANCA,2025-04-24,1481.28
fb0d6951-5af3-4b1f-b11c-6723032c0de5,cc5757af-1291-4f46-ac79-5c0d6e714364,8381,POUPANCA,2026-03-05,11406.92
d7ac7aeb-d9b6-4c2b-b0e6-9fb73d42af69,f071acb1-e489-47f5-8d97-2c237af58c49,7150,POUPANCA,2022-01-28,9286.89
66278f5a-2158-40b3-bdb9-3ff6f4438b65,dc8e676c-815c-46fa-a771-6edcddb65621,7227,CORRENTE,2022-12-11,38608.37
75654b9b-881c-4259-ac06-69ca8e9aeb8d,a80a4061-4bc0-4a4f-bd26-f4ba31610e4e,5037,CORRENTE,2024-11-06,4101.9
63468f4d-29b1-44d0-ab13-d9b91aea4661,d2cc7e17-4a66-4773-bd8c-0555640f5330,7225,CORRENTE,2026-07-13,36982.76
c3e86725-4bde-4f1c-9ab5-656992c4f8ea,378594ce-b812-4357-b30f-10a91a0f41b5,6909,CORRENTE,2024-12-25,4576.02
2dfae648-e4be-481d-989a-b699a8432f1e,dd7e339d-e203-42a3-804a-6cea63452d5a,6050,POUPANCA,2025-11-05,17995.87
db69ec06-2421-428e-8b33-b5ea2ce22292,c4171881-fec1-4f2d-96f8-203dc8a2abc9,2674,CORRENTE,2025-09-12,4364.86
c0fe8cb0-bdd2-4e28-a117-9d32006e1539,a77d3a9f-5374-4971-8c47-1d0a9d163286,8353,POUPANCA,2021-12-25,5164.65
21176dcb-b978-4721-a559-c4f4ab6d37d9,8512cd31-618a-4c30-80f0-4004e3fc9f83,6798,CORRENTE,2019-10-17,29846.23
3be224b5-649c-4d96-942c-22ca554d2305,f50252d4-01bf-406b-88cc-2f597ad454c4,6315,POUPANCA,2019-08-10,617.03
d14a3d92-eb99-4352-8b18-acfb2873c32b,281a2b45-bffc-493c-b1bc-6b1f40326d92,7353,CORRENTE,2019-08-05,36242.19
1d2c35fd-74ee-4715-a6f1-edd8d84f6858,032411e8-5644-4a9c-b44e-8b559dd2341d,4977,CORRENTE,2025-06-01,34265.8
4b5bfc3e-204e-4bcf-af54-e1a842c378e9,6ac0ba43-1586-41e3-94b4-7f655f452b48,3274,POUPANCA,2018-11-08,15056.56
14775d95-ef48-4ae3-9570-97a7e58fe22b,5d14ef11-eb44-4441-8a7f-f30e6644c83a,3390,CORRENTE,2019-09-30,8360.37
d96080aa-e39a-4ffa-9725-3caf3f266643,f9a16e39-fac6-4bbe-9fe1-01a2ff68ff32,7899,POUPANCA,2019-12-31,24211.57
ec97dcbc-b582-4e73-b0a3-b9e3068a9221,2a48781f-e113-4ae2-ba7b-67a896a85928,6916,POUPANCA,2021-08-08,47211.11
d2af2bb9-44fb-4775-b925-0662afaa3aaa,9fff91fd-74c6-4464-96a4-927826cc05ae,9123,CORRENTE,2022-12-05,22893.08
9267340c-b946-449b-826e-549f1d9d70ca,e1c579fa-8fb9-44d4-9779-f7d88048fafc,5991,CORRENTE,2018-10-16,47441.17
9cea1bc5-c3fa-4a9d-b1de-94c3e8d52803,8014914c-6a37-4f38-a6a3-ab85b00a8e68,7224,POUPANCA,2025-03-15,22011.15
c5839d70-7275-4f85-a1dd-3051954e1973,a77d3a9f-5374-4971-8c47-1d0a9d163286,3230,POUPANCA,2024-06-30,16033.26
084fd0b7-1a43-47c4-862e-448f68e142ff,78ddbfc8-4354-41fc-89a7-2c0ed4829fea,4290,POUPANCA,2020-09-07,15709.16
5d1e3076-2c17-4453-b2ee-88bda01b9809,daaf1dc3-7800-4e62-9b63-96bd810c8527,7524,POUPANCA,2019-02-12,14572.41
4daffa3b-7093-418d-adba-8d81506aa0c3,d5d1e43d-3a1f-44bb-a4f0-5bbefc29f011,9044,CORRENTE,2024-06-11,16294.31
9d62544c-36e2-43cc-8e09-d41cfe3e10de,48236aad-a696-4801-9645-1e0377f7a615,7437,POUPANCA,2025-09-25,5694.39
0405b7c6-ea5d-4086-96e9-8e3c2caf2696,63311fdd-671b-4516-b9c2-fecd41982dec,4273,CORRENTE,2021-08-01,34085.63
8468d6af-1089-4d54-9c90-7efdb74afcb0,63c6ac7c-c80c-4ce1-ab6e-d2ee4fec5727,1440,POUPANCA,2022-04-30,47148.75
1048b57e-2deb-443a-b58a-fe14776df558,b2f0ca7b-245a-4fb3-a6c3-a999aca1484f,8183,POUPANCA,2023-10-03,41564.09
905e5f15-5a2c-426d-aac5-dc56d117bb9a,6e695055-07a0-4973-8a88-ca6286a1ce26,7703,POUPANCA,2024-12-12,6958.96
e5de322a-01bf-4fb1-976c-58b02ee8d6b4,f74d0d81-ea8d-485b-a77c-d911b70d906a,4965,POUPANCA,2018-09-28,32933.15
b670caf7-a09e-4c6d-b627-c483fe2bf865,22aa47ac-82f0-4d03-9f98-3ada6fd9ed5e,7932,POUPANCA,2022-05-15,3698.26
4ace276a-8489-48fe-b528-0ac47b08fb3c,c049bc55-0bea-408f-922f-e05e445298a7,8851,POUPANCA,2022-10-04,26718.37
0c15e391-b09a-4b03-8bfc-3740ead10c8d,4ee6845f-9ad0-4228-9d61-95a6aa871676,7853,CORRENTE,2021-02-19,39536.05
47efa4df-c485-4c11-9158-e4ee09044a85,1d57ae74-1f71-499d-a857-56198471865e,9796,CORRENTE,2021-01-27,5468.47
702552de-6bd4-4548-b160-4fde2f44c1bb,dfd02bd7-3476-4386-b13d-f70fb59bfc9e,6816,CORRENTE,2022-10-22,32349.99
169bdb9b-1c9f-4bf9-b633-2279aeeed370,47cb969e-6393-49fa-a7b4-a894c5873d9f,7547,POUPANCA,2019-05-18,48285.84
c84771a3-4753-46b6-bb8f-a3bcde22391a,a77d3a9f-5374-4971-8c47-1d0a9d163286,2735,CORRENTE,2025-02-23,4930.33
faebb8fe-c0d1-44c7-b631-655d707f7833,b095da73-4d28-4233-829f-58e4e98da3dd,9366,CORRENTE,2022-04-28,22288.93
28da89c7-34c0-44f1-bbac-27e7351be20d,1b3dd49c-1b4e-497b-a9b8-4f7f283dd670,8586,CORRENTE,2020-10-12,17248.37
63e53ac9-8464-4f3e-bf77-2cfddaf938f5,9bf65f7c-bc12-4066-b426-13aebe4ba49f,8909,CORRENTE,2023-12-05,14771.61
65f047a7-8725-48d7-ae25-837d6f94842c,055c9264-cee3-4796-a61a-b0f360e29c43,2406,CORRENTE,2019-12-21,41565.89
571930f2-b15e-4bca-95f1-1e8b14ef404e,0d199e48-3674-4b72-af74-2e8492183bcc,3321,POUPANCA,2024-11-16,15594.52
14f628f0-4e9e-4405-80e2-5e4d73fdb0b4,8ace3969-6e6d-41a7-ae94-6a476a601f13,4389,POUPANCA,2023-01-09,17415.01
68f6baf1-74fd-4ba9-a1ea-42aebf33b969,29cc5aa5-3f0b-4e89-ae2e-88ec568860d5,8178,POUPANCA,2020-04-06,15945.47
847e016c-f796-42df-a4a0-37d3302fe714,a1a5153d-47f0-444a-9970-e93ef648b800,1732,CORRENTE,2020-10-18,1129.26
d3c2efad-e208-4122-b079-ed32e8740cff,469be8e1-7cf7-4f11-a651-157d243d31b3,2791,CORRENTE,2021-01-24,46496.12
9fc93860-8991-4c42-a7af-1113bd6162a0,9bceb0fc-e101-4562-bb19-3e951ec7ffb1,4996,CORRENTE,2025-03-13,27595.51
2bb58c9d-46d7-491f-834c-de501dfb5b8f,63ba052f-3d52-4852-87e4-c997ea2d4fd6,7985,POUPANCA,2019-08-27,11592.78
f1984b83-20da-4e84-96b3-efc730b79bd3,6341c3e5-af26-425b-b5d5-f01350b8dc63,4022,CORRENTE,2026-01-09,32023.94
c5636985-9ded-49f5-831b-2dee84f09738,1168662c-15f3-4138-9862-8f85f0bb9673,7481,CORRENTE,2020-11-30,36869.42
0ebe7ca9-45a8-4084-9cff-3ceea4d65b96,97020726-4c3f-4227-b1ac-a96d0476fde0,4232,POUPANCA,2024-08-20,29610.16
a220f369-3f14-4dbc-b812-b0907f1c6ecf,0d3b46b1-22db-42b0-96ee-6cb21a1c8f2f,1072,CORRENTE,2020-10-11,10289.22
21e2900f-2809-4c45-b255-79964c5920fe,b22e8f8c-a11f-4039-9b1a-61e9f7fe5791,2025,CORRENTE,2024-05-05,39975.12
0328ba5f-9b69-4a00-8aaf-151f5be5515c,013a1b07-29d8-41c4-9413-038ff551ebc8,4063,POUPANCA,2025-08-27,16299.25
494ab5be-5df3-404b-8434-32827d19c978,465b223c-3207-4064-a9c3-6cd6b07bc650,2867,POUPANCA,2022-04-29,33535.07
76d7b6cd-f89e-4d4f-95cb-fcf780d05d06,bc69c60b-1a42-42ba-9174-9da1084d0cc9,9646,POUPANCA,2020-05-12,29848.54
c2881423-c698-45e5-a06d-975d0353fd4b,86bbe6da-25ec-4e78-b7a1-a27e695fecd8,7431,CORRENTE,2022-09-15,17396.23
9b0e0869-b04c-4f2e-b433-93b8a9e10162,bc6a61d6-d097-4a30-858b-0feb4bfc6b31,8501,CORRENTE,2024-09-06,40686.91
bb947826-4401-4419-a9ee-3560bb3d27c9,0db7c29b-51c6-423d-8425-ad169bb9dd15,5873,CORRENTE,2025-05-01,33605.5
c4ebaf61-d554-404a-8ee7-b0bf34aceffa,f1d4a117-4467-4930-a272-ae2d66add067,2931,CORRENTE,2025-07-25,15269.0
7f4dea1a-93fc-4dc0-8497-6ac577c65c77,cda7e227-9cd8-41ed-a685-4dc1b4726404,7116,CORRENTE,2019-07-21,25541.24
6184ec6e-31cb-4c63-9974-1cc932bdd0dc,8dc74f84-4aaa-45b8-84c3-e6d672b34d54,3258,POUPANCA,2024-08-21,21151.94
b732b072-1175-4a51-a32f-6bec9defc505,c319cc85-ee93-4c81-bce6-298208110124,9804,CORRENTE,2024-11-20,27745.63
38a6117a-3956-4e95-959e-5456bb55158c,bc69c60b-1a42-42ba-9174-9da1084d0cc9,5732,CORRENTE,2022-12-12,9354.93
67d09b4c-1fb8-45fc-8e7c-5b4652ef6819,d4d55a3c-4276-4597-9117-ea3e972cc712,8389,CORRENTE,2023-11-15,43276.11
e71d6e82-bbf0-4c2e-81ff-34c3ac1ff170,cb1d4262-3fe1-4400-bdb2-7d9dbfe98826,1157,POUPANCA,2020-03-19,6826.74
db6d31dd-9024-4f76-bc97-ee7d21e5af26,8edb5d08-58dc-4e2e-93b3-ea18fe548c35,7290,POUPANCA,2020-04-12,20456.72
1f3388bf-51ed-4146-9879-6140cb814bd4,985b42b0-4377-474b-b6d4-96997a74190c,7809,POUPANCA,2025-12-11,24434.98
ff46c0da-97b7-473d-a855-073a35e28a41,a78822e3-82a9-43a9-86bf-44e07eb956d2,1505,CORRENTE,2023-09-14,14604.5
a62d9d65-e899-48b3-b680-46ba67760973,c07cfe16-19cf-4c58-9ade-865bb9d96de3,4683,POUPANCA,2024-01-09,8410.45
cb2acc73-6a9b-4d60-93a6-83a8c831afcf,465b223c-3207-4064-a9c3-6cd6b07bc650,9115,CORRENTE,2024-01-27,28635.7
d976b8b6-dce6-4f86-9a69-8f438e7a334f,9e3f4b9d-85ee-46f4-b21b-de809703c87d,9898,POUPANCA,2019-12-10,27102.17
84a33315-c5e8-4bed-8f83-84f17969eb33,cb47260a-0fee-45ab-85d0-56e3152e7f2c,1681,POUPANCA,2020-08-16,27317.66
f619736e-d8ef-4edd-84f4-471ed4debc2b,0300f7c1-6655-4504-9c00-e07b75d47258,2677,CORRENTE,2019-09-13,14885.45
e9023487-be02-44c4-a041-29e38d3a7d6e,4b96aed7-8d45-4dd4-b8f5-d39882828f4f,8368,POUPANCA,2019-10-20,17428.85
c6380391-b908-4012-8e57-bd81564b414f,c30df490-a253-4a8c-8931-277b587a6a0e,2425,POUPANCA,2022-02-01,43264.52
7ca9a397-f0f7-41e8-8b6f-abc3cf15c369,533ef521-9b52-4f09-b658-bae22da85cd7,4882,CORRENTE,2019-01-01,40535.14
3b501f33-1cf5-4b93-a0a7-a0413313281f,554735de-90a0-4035-9d4d-0a470d50138a,6744,POUPANCA,2021-01-01,8299.08
8eae1474-f99c-4e53-b0cb-2415868dc117,2287588d-bf4a-444b-8f4e-b775af2fc84a,4385,CORRENTE,2020-04-23,40272.02
11c078c9-98a1-4e10-90d2-2c1fc11ca47b,a12f9563-2920-4cc8-b0cd-b4952f4ea735,6747,POUPANCA,2026-07-30,29842.88
2d030af6-0273-4718-b072-46485de5995c,6ac0ba43-1586-41e3-94b4-7f655f452b48,6302,POUPANCA,2019-12-02,14466.66
28ec1d0a-0fcc-455f-a80c-4c55a4976bce,eafd51b8-9718-4cbf-b5e5-90aa790f1cd8,9428,CORRENTE,2022-04-20,6779.45
04ed2372-17dd-4281-b1dc-0ca3f01db06e,5a03615c-41cf-4e4c-a4a2-37c49c706cf4,7743,CORRENTE,2018-10-28,49624.31
3c0d2de7-c32b-4d09-9782-68840df05262,04ce75e2-4610-48bf-950d-e9b39a9206a5,3078,CORRENTE,2023-12-02,12483.86
66412ddb-7edf-4d67-8467-5fe523e34b90,70cd4309-9a93-4a73-b5fe-73507840ae55,6277,CORRENTE,2020-05-16,38073.68
0d78eb0c-623b-4131-8405-f7d124118bfa,4516497f-1e26-4577-8dae-c484b1a9f363,7434,POUPANCA,2019-06-13,7108.58
0d1e3d2b-323d-41b2-a321-edcb26dc1cc0,90ba7dcc-9541-46a7-ae77-624a4b81e498,5402,POUPANCA,2026-01-10,18758.62
ed9a633f-95e7-49c5-b481-97af030c43f0,da055327-beda-4eff-addd-b353af747e1d,2525,POUPANCA,2019-02-09,25780.67
957d7f72-0951-4ad0-84a7-4327737a0d29,08c2706f-f125-4177-948f-1a157153ae63,7046,POUPANCA,2021-11-28,47512.7
2cbe3ba5-ed8d-42dd-9b13-75c9ba6128aa,61d088cc-3ddf-4c4f-8d53-f53b3bab53ba,1040,CORRENTE,2022-02-20,36546.6
8aeaa82f-f69e-4623-a878-9bf0d1d607d9,465b223c-3207-4064-a9c3-6cd6b07bc650,6869,CORRENTE,2023-02-21,39783.9
31303aef-e447-48d4-910f-92bb646abbec,ddd89f78-3f62-464b-8dc5-ef01837bc824,4568,POUPANCA,2021-04-13,41242.38
a19f27ac-6d1b-4d01-a905-65e787aa3359,54089776-20c4-4c4c-9f3e-e9c3939ee5f8,5399,POUPANCA,2024-08-18,41417.18
5aa6734b-4838-450b-9d1a-5ec82348bf99,703837a9-2dbc-4ad5-adbb-ab413b6a129d,9967,CORRENTE,2024-01-23,28307.11
95b65890-603a-44b6-adac-f4ef7d41f888,b56aed8b-8cfd-4274-a603-aae4ea3d6a20,6631,CORRENTE,2020-08-23,2297.15
83a171c6-6a1a-48a4-85c6-7bf423140bcf,ec6bfec8-7ee8-48af-a83f-68c51edacea1,8529,CORRENTE,2020-07-24,6211.86
584e63b9-8cc8-4a97-8305-2a0b5969cbba,a5c4aa6f-5aaf-41d7-bd61-9078b91f8303,3588,POUPANCA,2021-07-14,22825.91
7daae55d-be03-438e-b1c8-9691df65886a,2a1e4b8c-897e-4766-9398-c0d33d606291,8009,CORRENTE,2022-04-19,49784.7
c2d2b242-f9b9-43ec-85cf-edd5ed01fe12,79483f82-3e7f-4841-ac33-ef28922842a8,3161,POUPANCA,2022-10-01,7948.87
e9796f8a-bc24-46a8-8f19-7e4848ebb899,e6906e24-7b0f-4100-9915-a92133ab79b0,5489,CORRENTE,2019-03-13,32729.4
73d03a2a-be97-4e20-a6cb-1d14573055af,35580856-ec14-4129-a53c-389d8fd010ec,2350,POUPANCA,2023-01-05,33225.44
57b06426-bb1e-4d86-9d40-858ed1747a7b,11fc6cb3-6ec5-4af4-b4bb-bfb6be87f34f,3711,CORRENTE,2022-04-22,19817.08
0e83ee11-f1f3-48f2-b50b-9917cefcfb70,83561bdc-a5ad-40d5-9d5c-961df6ec122a,4836,POUPANCA,2024-02-25,32774.26
153ad429-5f89-420f-88ff-caf1b0b0dfa8,7c5060fd-203f-478d-9151-ed487410b119,2559,CORRENTE,2019-02-11,10671.06
a4d2d69e-a635-478c-90c5-681bd4d3d2dc,2a48781f-e113-4ae2-ba7b-67a896a85928,3174,CORRENTE,2021-04-06,25972.21
6e700fb1-4e12-45af-9f34-cb9f53a33963,f4100468-0c07-4459-a9cc-4adff4719211,1152,CORRENTE,2019-08-11,34779.86
d50045fc-e52f-4701-8427-0ff26e241d35,c30df490-a253-4a8c-8931-277b587a6a0e,2975,POUPANCA,2020-12-18,34701.55
6000f0ce-0850-44e0-983c-8073713ea37e,b04c627a-1e34-4360-a140-b7580a05a05a,2160,CORRENTE,2021-10-07,19153.5
ef4d5469-e860-4624-bc27-4f09255c579f,0c5cd70c-12e5-411a-bb38-092666a06a78,2678,CORRENTE,2021-01-22,15667.57
897b5cc7-0910-4237-9d95-c8782abcf3bc,b970f672-eaf4-404f-9c3a-25e0bacf2538,5902,CORRENTE,2021-08-29,19136.05
993a1bfa-cbab-4771-a86f-51bbbdb48219,2b6638b5-6548-453e-9482-75ca5508f25b,3181,CORRENTE,2024-09-22,3420.58
4a76b97b-5c11-4688-9a9a-5b21bbc4cf6a,63311fdd-671b-4516-b9c2-fecd41982dec,1138,CORRENTE,2022-03-25,22004.97
9c0c2856-f8c2-425e-aa8b-48517ebf6f95,9fff91fd-74c6-4464-96a4-927826cc05ae,4490,CORRENTE,2020-10-10,45994.71
577ce90e-a63e-426e-812f-d0b9042506fd,99c1b0ad-5e35-4387-bf76-30441161c421,8248,CORRENTE,2021-05-24,4334.4
e4667726-5e1b-454f-b39f-303bd34bd45e,5716fd2a-c998-4297-a971-be6aed2fb795,3293,CORRENTE,2026-04-15,29478.7
f8fc5e3f-c9a3-4360-87d3-909e156998e1,461c71a5-e16a-4465-a23a-59b923aa13a4,6759,POUPANCA,2019-01-29,15725.18
0200895e-14c1-4c8e-b845-2abec4f4a280,2287588d-bf4a-444b-8f4e-b775af2fc84a,5059,POUPANCA,2020-03-21,32231.03
c7980659-cdcc-42d1-a7f7-b0f8b61f4b21,dfd02bd7-3476-4386-b13d-f70fb59bfc9e,5668,CORRENTE,2019-01-09,42394.61
c50990fa-cf7e-4d89-8785-8f204f585042,bd2ddc9f-c912-41c8-9a15-c4da88b56706,5942,CORRENTE,2018-09-05,25887.46
ee857472-56e1-464f-9be7-701f82b815af,f18239be-cee3-476b-8b3f-4d1f64cacbe4,4090,POUPANCA,2019-02-12,14777.1
7a516422-d589-418c-9055-de1975031891,21826ea1-ffc1-4756-afa5-c9877efb3c1e,4921,POUPANCA,2024-04-16,19294.28
2c29215c-db46-4a8e-a3c5-23f50097f66e,1d664978-3121-4eca-aa18-a2210a35ef58,9185,CORRENTE,2025-01-03,26414.33
bf54a731-35ec-4dfa-a64a-2c2b078df1f6,6206097a-6287-4d37-ab4f-9f88f51c5c51,6916,POUPANCA,2021-05-30,6599.14
b98f156c-32c7-4e79-8097-9e0af980cf1d,2e8e35f8-b8ed-4b74-bd2d-601d530d353f,7895,POUPANCA,2020-06-23,27317.81
39cf3565-d9b2-4916-9ad5-5238babc4334,4911a591-3eb0-4bbe-a583-76cf1f1b7a37,8717,CORRENTE,2021-02-06,834.47
759767a4-bb5c-46c9-8dea-14edc647f119,60b9faaf-3dc6-4270-bcd9-68ae1224e542,1225,POUPANCA,2022-09-09,10787.15
21820896-eabf-4b5c-a6f4-730b52b8b2e9,4ee6845f-9ad0-4228-9d61-95a6aa871676,1990,POUPANCA,2021-01-21,25330.53
0e277e68-c376-42a7-8775-575e2071497b,7d21dfdd-421f-4352-9158-582c78f01cfc,9209,POUPANCA,2026-05-27,21178.76
5eb853ca-45bd-4e1f-94d5-5c89196811cb,c13f8e73-9adb-495a-9d88-cb6d630f6c82,2350,CORRENTE,2023-11-01,13873.39
470880e7-b785-431c-a546-54d4f32791dd,0ebd3657-6ca9-4db9-85d5-9c622c3bbccd,2294,CORRENTE,2019-07-14,48715.67
bbe8bce2-d20d-4a73-ac6a-2e3144d46e16,0945bf66-d8e6-4f29-91f9-5b4969806028,9788,POUPANCA,2022-05-04,19536.58
a4bbf9ca-9a11-43e3-9ed9-7c3606aef321,d97bd7f9-ba89-497c-88f3-ff09875ddfcf,2083,POUPANCA,2020-03-31,34933.79
13847c66-af50-45b6-adce-fa1bdde9374e,0d199e48-3674-4b72-af74-2e8492183bcc,4909,CORRENTE,2020-10-26,12223.99
17b53790-6797-45d1-b398-d21bccd5d83c,42e5463e-44fd-4146-b2ff-09a7f65d9ae5,8118,CORRENTE,2022-11-08,22668.59
dc03377c-5f60-4a71-94aa-6358565001fd,4282479b-4205-4eb6-914f-60f9be869efe,1901,POUPANCA,2021-10-07,33303.98
e756b348-d803-4284-b73f-4cd499ab9e16,9b30d2c7-7e4d-4bf7-ad95-eef0a7c5627e,3877,CORRENTE,2021-07-08,633.25
9fff7850-14b0-4b62-8ffd-ef4261160aac,37989668-f589-4e26-aafb-2860d75cee05,1185,CORRENTE,2021-04-06,24820.65
10441251-89f0-40c4-a45f-3a47ac235b67,c1047c66-7b57-4728-8751-75ea4a7fee68,9568,POUPANCA,2019-08-16,8348.15
740b7bff-c4dd-4958-8c92-c24f45c3dac1,5384e7d3-7273-491b-9c0f-7fadf4129065,5403,CORRENTE,2019-07-02,38571.51
34c0f5d0-3234-4bba-9708-d7cdbd129f91,92a052d6-e39c-45f5-ba67-4d43ade9e64a,6488,POUPANCA,2024-05-13,13599.03
7b27c61b-d87f-40c5-b457-2eafe209869d,b8b31b56-d9b4-401c-9b85-94c1c04726d9,5308,CORRENTE,2018-10-16,24807.38
912a42d0-0fb1-46a9-b679-9d20b5a3f63f,7207d942-9cab-456a-9ee1-daaa5d8eba5b,6900,CORRENTE,2024-06-25,24980.5
10da5e8f-bf66-4dda-92ed-0592e78dc6ea,61782829-4fa9-40a0-aea2-009847c00d67,3734,POUPANCA,2023-05-15,7865.5
82888b2f-8faf-47d6-8781-24a32f7274a0,e29fd7bb-93a2-47ae-8eba-1d5205058a8f,2685,CORRENTE,2025-03-24,11420.22
010bc659-829d-4a0c-8be8-1e3346198eda,f18239be-cee3-476b-8b3f-4d1f64cacbe4,1042,CORRENTE,2026-01-03,42934.45
