id_cliente,nome,cpf,data_nascimento,email,cidade,estado
f62aa64d-a1d4-44be-9a05-729319adccc3,Brenda Alves,438.150.926-98,1939-12-31,borgespedro-henrique@example.org,Novais,DF
7c7ba314-640d-4b27-8cc3-17a7df02aaf7,Dra. Ísis Leão,374.601.982-69,1956-10-31,,Teixeira,MT
1b36a551-c9ff-4a3c-9f27-ff8b39b9ab49,Caleb Garcia,158.420.376-53,1987-03-12,novaesana-beatriz@example.net,Oliveira do Oeste,RR
9f38cba5-c811-4748-a8f8-cb977cfaaf54,Augusto Ribeiro,341.670.952-70,1985-04-29,esterfogaca@example.org,Sampaio de Minas,RN
42715aaf-993a-4024-80e9-c90bbc266b13,Eloá Nascimento,327.984.156-91,1943-04-15,beniciodias@example.com,Azevedo do Oeste,RJ
00d0f3d4-e67e-4146-a1b3-482f68e148aa,Sra. Hadassa Rezende,769.128.453-55,1993-12-25,ofonseca@example.org,Borges de Sá,AL
6206097a-6287-4d37-ab4f-9f88f51c5c51,Eduardo Pires,261.384.597-09,1937-03-27,rodriguesstella@example.com,Camargo da Mata,PA
c61c9460-c9a3-42ab-a80f-bbe57ac2002f,Rafael Abreu,482.907.153-23,1957-08-29,peixotoayla@example.com,Camargo,MS
8e50aef3-4002-4b3b-9f45-b9249e3de461,Isaque Araújo,318.590.746-93,1958-02-23,sarah96@example.org,Silva,MA
81aff6c1-dd52-4b83-a661-1433f11635d7,Maria Fernanda Macedo,871.960.243-03,1965-08-24,,Barbosa,RR
721c094b-707a-44e3-a7e5-f7d0be44b358,Ana Liz da Conceição,105.849.237-32,1964-10-30,maria-juliada-cruz@example.com,Correia do Campo,AM
5729dfd5-1bac-476b-b801-54a0ddbff2b0,Marina Fogaça,697.850.431-93,1981-11-07,da-cruzmatheus@example.org,Carvalho de Lima,CE
9bf65f7c-bc12-4066-b426-13aebe4ba49f,Ravi da Cruz,179.054.632-06,1958-04-23,,Mendonça do Amparo,DF
822bf1ce-fd01-43a9-b3ef-deb799a931df,Ana Liz Cavalcante,609.237.541-99,1956-09-27,ana-carolinacunha@example.org,Souza,MT
481a1d7b-f3c3-4889-819a-9a0baa9e0637,Benicio Pacheco,782.046.159-49,1967-09-08,kcampos@example.org,Pinto,AP
92a052d6-e39c-45f5-ba67-4d43ade9e64a,Stephany Dias,435.128.679-28,1997-11-25,diogo07@example.net,Barbosa,PI
4b96aed7-8d45-4dd4-b8f5-d39882828f4f,Thiago da Luz,251.798.634-73,2007-08-30,riosana-clara@example.net,Carvalho,GO
bcfe3cc2-a660-4872-940c-3a6dc679f9b7,Cauê Souza,824.971.605-11,2004-06-17,dda-cunha@example.org,da Mota do Norte,AC
ab073c8e-7169-4c9a-a6f9-d5d5fb7bdb46,Sr. João Castro,786.405.923-65,1940-07-29,juan62@example.org,Fonseca do Norte,MS
4a183f16-892b-4d59-bbb3-02a2d521caa7,Josué Rios,156.489.702-85,1991-10-15,,Cavalcanti,SC
1a7ae29a-4a81-4250-90ed-f8a4842c156c,Dr. Josué da Mata,216.703.854-26,1983-04-06,rafael30@example.net,Guerra,MT
e0d1223d-d68c-47cf-8a20-4bad6ea0ab45,Bernardo Vargas,456.892.031-06,1959-12-23,breno19@example.com,Siqueira Alegre,PA
47cb969e-6393-49fa-a7b4-a894c5873d9f,Sophia Camargo,634.058.927-83,1985-03-30,qazevedo@example.com,Ribeiro do Campo,SC
1efdf77b-d95d-4796-9108-6ac2347c558f,Thiago das Neves,659.824.103-06,1987-04-11,ana-juliaguerra@example.net,da Rosa,MA
5465fe37-6fb2-4424-b113-1ed144c35f9e,Pedro Viana,957.361.820-68,1947-03-20,olivia95@example.org,Rocha,MA
a35beb68-ce31-455e-b387-2e402b40dd5b,Gael Henrique Casa Grande,093.748.615-93,1987-12-07,pguerra@example.org,Sá,SP
c3e8f07b-3100-4f22-8b81-de0d83679908,Otávio Câmara,287.041.653-90,1998-11-29,luisa98@example.com,Castro de Souza,PR
21826ea1-ffc1-4756-afa5-c9877efb3c1e,Joana Sá,347.512.906-06,1967-08-03,bruna58@example.org,Cassiano,ES
7ca2d953-1471-4613-84e7-79cda1dbfe82,Daniela Santos,316.924.780-87,1963-10-28,xgomes@example.net,Teixeira,RJ
b7c57c9c-9951-4ea3-8a7a-cbcb1d64e527,Pietra Abreu,546.738.190-39,1972-10-26,bmendonca@example.com,Rios das Flores,SC
e4788789-e60f-4dc6-aef0-9ff64ba32937,Ravi Lucca Cardoso,980.345.761-66,1954-02-21,dcirino@example.com,Duarte do Oeste,PB
a1f23e5f-a2cf-48f5-bd51-9626502cbe9d,Dr. Mateus da Mota,641.308.579-75,1945-01-05,sabento@example.org,Almeida,RN
b8b31b56-d9b4-401c-9b85-94c1c04726d9,Isaque Cardoso,713.952.406-80,1957-12-17,henrique90@example.com,Gonçalves do Oeste,AP
97ca1e82-6f1d-4e0a-8b9a-35a97184b159,Isabelly Caldeira,410.293.678-50,1937-05-24,gmendonca@example.com,Porto dos Dourados,RR
60b9faaf-3dc6-4270-bcd9-68ae1224e542,Pedro Henrique Cavalcanti,847.369.210-13,1947-06-21,manuella37@example.net,Fernandes do Sul,PR
6e695055-07a0-4973-8a88-ca6286a1ce26,Sr. Ryan Cunha,549.286.073-92,1947-04-29,joanamendonca@example.net,Sales,PR
bb734dd4-b0ff-4b34-9360-170f05c5a71f,Rebeca Machado,014.836.257-53,2000-01-31,lais85@example.com,da Mata de das Neves,GO
40249ea5-cb21-48bd-ab1b-3ae5c85d26a5,Dante Silveira,351.847.609-20,1973-04-21,guilherme34@example.org,Cavalcanti da Mata,AC
da055327-beda-4eff-addd-b353af747e1d,Dra. Carolina da Mota,094.513.876-84,1999-07-23,vmacedo@example.org,da Cunha,PR
2a48781f-e113-4ae2-ba7b-67a896a85928,Benício Guerra,710.864.293-03,1951-10-18,mpereira@example.net,Vasconcelos,PE
588c7370-7801-4d41-a115-5b881b68ebe5,Milena Macedo,469.780.532-10,1971-09-10,castrorhavi@example.org,Castro,AC
35a436c2-b52e-4bab-bd29-7fe7f34eebb3,Milena Sales,974.012.835-14,1945-05-12,viniciusviana@example.net,Lima,AM
a78822e3-82a9-43a9-86bf-44e07eb956d2,Heloisa Ramos,249.061.738-96,1995-06-11,martinsana-julia@example.net,da Mata do Galho,PI
1324d5c9-b590-4a49-9d6d-3fd8ce121ec5,Maysa Barros,906.524.783-10,1966-10-30,teixeiravitor-gabriel@example.net,Teixeira,SP
e4f72333-4fe5-45ca-bd8b-429834480ffd,Ravy Moreira,742.835.019-05,1991-04-02,aurora12@example.com,Sales do Amparo,MA
8512cd31-618a-4c30-80f0-4004e3fc9f83,Maria Liz Teixeira,807.925.461-30,2005-09-16,ribeirovitoria@example.com,Aragão do Oeste,PE
c5d009e8-3061-4679-8e5f-fd1c334d7d51,Dr. Pedro Miguel Teixeira,034.712.865-35,1952-03-14,piresrhavi@example.net,das Neves,PI
ae941e8b-38d2-485b-afd2-76d6f60a9c65,Yuri Jesus,139.807.624-40,2004-12-06,kamilly77@example.org,Novaes de Casa Grande,MG
6cd01429-47de-4069-a9f7-baabf4c83697,Thomas Souza,214.639.708-03,1976-04-22,ccassiano@example.net,Ferreira de Farias,PI
29cc5aa5-3f0b-4e89-ae2e-88ec568860d5,Maria Flor Marques,538.471.906-01,2000-01-17,qgomes@example.net,Monteiro,AL
39acc8c9-42bc-4037-9416-8a68a220b3d9,Theodoro Pastor,517.043.629-70,1991-06-22,dommelo@example.com,Pinto das Flores,RS
5716fd2a-c998-4297-a971-be6aed2fb795,Lucas Rocha,865.793.024-29,1967-08-17,rafael16@example.org,Macedo,CE
91c727ac-03b4-446a-b834-2b65d24e5fb2,Sra. Ana Aparecida,504.263.187-90,1960-03-06,luiz-fernandobarros@example.net,Pinto de Goiás,PR
e5d01eef-929e-4541-aa74-6ccbfbacc68e,Cecília da Conceição,749.250.318-05,1945-09-22,lferreira@example.com,Sales Paulista,PB
c49da72e-a560-459f-8111-05a702a3faf4,Gael Henrique Gomes,713.942.568-09,1938-08-29,ada-mota@example.net,Pereira,SC
0c66c453-3d60-4e66-8d36-31ebf25f7cf0,Laura Vasconcelos,359.814.270-60,1948-11-24,das-neveslunna@example.org,Siqueira Grande,AP
93c1cc95-15f5-44fc-837d-ae237fff861f,Luan Souza,623.148.509-98,2001-04-02,camila17@example.org,Sá,ES
81b176ab-758f-4087-9d3c-9343f76f7f16,Maria Laura Novais,516.024.789-02,1971-05-10,xporto@example.org,Melo,AC
bb67ebe7-32bb-4f02-80c7-01f4b5ce9804,Lunna Pimenta,317.529.046-99,1940-09-26,marina11@example.org,Gomes,PB
f7c50dd7-a76b-45e0-9751-47196c4a8edf,Dr. Eduardo Leão,176.208.934-31,1967-10-23,gael-henrique58@example.net,Araújo das Flores,GO
533ef521-9b52-4f09-b658-bae22da85cd7,Davi Marques,130.729.456-16,1945-01-04,pedroda-conceicao@example.com,Viana,RN
880d7741-a2ba-496c-9ae4-d6a5e34f9467,João Guilherme Casa Grande,284.610.739-40,1984-06-06,aylaalmeida@example.org,Aragão Grande,SC
3f418e85-0135-4f3d-b113-bffafb8b1902,Valentina Camargo,178.624.093-96,1941-07-29,maria-cecilia00@example.com,Lima do Campo,PR
41cff1eb-ccfe-4d18-b5bd-bdf7b575fc13,Sra. Ana Sophia Barros,521.784.963-00,1997-06-04,ybrito@example.net,Rezende,RS
5384e7d3-7273-491b-9c0f-7fadf4129065,Helena Lopes,736.285.490-00,1978-03-18,qdias@example.com,Cassiano do Amparo,AP
d4bed944-6b0d-4198-9c3a-0246468555e3,Bryan Borges,615.984.027-49,1952-04-23,qfogaca@example.com,da Paz,RN
fe273282-6c01-4ea0-98fb-94bba27a1ba4,Luiz Gustavo Caldeira,983.157.604-75,1985-09-12,teixeiraagatha@example.net,Lima,PI
2fbf53e2-4201-41ce-b8f3-a19e286e8138,Amanda Pereira,402.756.918-02,1960-05-12,isadoraazevedo@example.org,Borges,SC
a83f67c9-23e2-4423-81ba-fe8c6fcb8654,Helena Garcia,675.128.430-62,1942-11-01,levisa@example.net,Rocha,AP
e1c579fa-8fb9-44d4-9779-f7d88048fafc,Pedro Miguel Ribeiro,678.321.045-62,1950-10-07,mariah84@example.org,Gonçalves,RN
37989668-f589-4e26-aafb-2860d75cee05,André Costela,432.675.908-92,2003-05-15,icavalcanti@example.com,Montenegro,PI
2287588d-bf4a-444b-8f4e-b775af2fc84a,Maria Barbosa,609.837.251-95,1990-09-18,hda-rocha@example.com,Duarte,CE
5e7f2fa9-ae23-4880-a342-ab710dc01c7d,Natália Sales,516.708.324-90,2006-12-26,goncalvesana-luiza@example.net,Câmara Alegre,SP
2dd98fc6-6bd0-4294-a079-555219a64b0a,Breno Moraes,183.625.904-24,1955-08-09,miguel29@example.org,Cavalcanti,SP
40ed5b2d-8964-4d42-aa75-562ece3ef957,Sabrina Martins,975.682.130-21,1999-06-30,tpires@example.com,Fogaça,PE
25e45a4b-b10c-49b2-9e78-5ea801b50317,Leonardo Martins,708.269.451-20,1998-08-25,machadomarcos-vinicius@example.com,Montenegro de Cassiano,AL
0c170117-1438-4ec5-8b81-839d693b6770,Bella Fernandes,182.093.476-40,1985-03-14,alexia66@example.com,Vieira,RS
66249a52-1ae1-4755-8df5-49ed3525a449,Lívia Azevedo,516.274.830-71,1954-12-03,ana-luiza62@example.net,das Neves,PI
d2cc7e17-4a66-4773-bd8c-0555640f5330,Luísa Cardoso,816.420.597-49,1964-10-28,maria-vitoria33@example.org,Barbosa,MA
0945bf66-d8e6-4f29-91f9-5b4969806028,Thiago Vargas,890.524.163-89,1956-08-31,luiz-miguelsales@example.net,Silveira,PB
1d9111cc-ec7d-45b5-8457-84088258e634,Noah Fonseca,374.659.120-16,1977-10-16,xcorreia@example.net,Martins de Vargas,MA
32050c99-6864-402c-9418-45e39396f457,Sarah Moura,623.941.805-60,1986-03-13,silvapietra@example.org,Barros da Serra,GO
dc8ad54c-c2bd-48ae-ba44-2ae29e10635b,Sophie Casa Grande,613.972.085-03,1989-08-18,ravy61@example.com,Alves,MT
e41cacbb-8609-439d-b806-8b82cdd5502b,Lucas Gabriel Vieira,290.831.547-50,1946-06-16,da-cunhapedro@example.org,Camargo da Mata,ES
20304dca-2e5a-4ae9-8b9d-db56de3e5f4c,Davi Aragão,367.089.524-83,1955-03-20,liz09@example.com,Oliveira,PA
da77380a-a4d0-4ed4-967e-e5809c47d279,Bryan Moura,510.367.982-59,1937-11-19,davi-luiz53@example.net,Vargas,RJ
6ac0ba43-1586-41e3-94b4-7f655f452b48,Sra. Catarina Aparecida,589.671.324-09,1960-06-25,davi-lucassilva@example.com,da Rocha,DF
efb4b35e-644b-40a3-b668-5e0eeb4a2c71,Guilherme Aparecida,546.783.209-38,1974-08-12,calebe54@example.org,Lopes das Flores,SC
4911a591-3eb0-4bbe-a583-76cf1f1b7a37,Maria Isis Fernandes,278.946.051-58,1946-06-01,lpereira@example.net,Duarte do Campo,AP
6ae1d769-ebaa-4666-8f6b-6da29173849e,Dr. Leandro Machado,962.537.801-40,1994-11-14,danilo16@example.com,Alves,BA
0039cc50-58a6-42b6-9e36-4a796e144ea2,Maysa Andrade,213.659.480-05,1956-07-22,xfreitas@example.com,Oliveira,BA
fffe21b0-e40f-4a8c-89ff-2dbaa886f18a,Maria Clara Gonçalves,543.061.728-80,1951-09-13,vicente73@example.net,Sales do Amparo,DF
2024d404-2d88-4ed1-b052-08786754d097,Davi Luiz Barbosa,729.058.436-83,1975-03-11,levi25@example.net,Campos,DF
cda7e227-9cd8-41ed-a685-4dc1b4726404,Isaac Vieira,705.462.398-38,1947-05-29,das-nevesisabella@example.net,Moura de Jesus,SP
96928c98-af60-4382-a81a-6ae93b2fc026,Ana Sophia Cardoso,517.394.206-16,1953-03-27,dmontenegro@example.org,da Rosa,CE
a7ffff0c-3321-40d4-b31a-482debb774bf,Lorenzo Santos,354.602.179-70,1952-09-16,sophie18@example.net,Pastor,RJ
95d8dada-7229-444f-aecd-cc9b2b0b9dd7,Enzo Gabriel Ribeiro,950.678.421-30,1964-05-13,opinto@example.org,Pires de Nogueira,MA
537aa425-58f7-4b86-9735-3527da921e1c,Liz Mendes,364.905.182-60,2001-07-31,vcostela@example.net,Dias,RR
e8f6ac1b-650d-4a73-ba32-b9bf82a9dafb,Dr. Murilo Cardoso,581.273.096-21,1969-06-01,gaelaragao@example.com,Pimenta das Pedras,ES
db451ae8-c9e3-4405-a189-811dd65fd6e4,Luan Oliveira,532.846.917-82,1938-10-30,goncalvesmirella@example.com,Cunha,RJ
a409343f-bd2e-4554-a493-3d0ac787e26c,Sr. Benicio da Paz,794.805.361-10,1985-06-15,,Fonseca do Norte,MG
0f2fe6b6-3cca-436c-a6f6-0c22db169d3f,Gael Fonseca,841.396.250-15,1953-03-08,goncalvesevelyn@example.com,Sá Grande,DF
62a2d296-ff87-4b2d-8576-467b10acb1eb,Sophia Guerra,809.712.345-23,1955-12-11,beatrizpimenta@example.com,Gonçalves,RN
57ce1871-92ab-408c-b84c-64d51da4d8ae,Sra. Maitê Montenegro,897.542.301-88,1980-10-03,leaoana-liz@example.net,Peixoto,PR
fada9d1c-743d-4cb4-9666-edb5a23b5b72,Ian Silveira,072.456.398-92,1939-12-21,correiaarthur-miguel@example.com,Leão Grande,PA
aaf57cfc-2e85-4da6-b20e-49d0a27e6938,Srta. Maria Sophia Montenegro,970.514.623-34,2000-10-11,ldias@example.com,Nogueira da Praia,RO
e8a7b410-349e-4a9d-9a34-2779126d751f,Dra. Julia Pimenta,738.246.195-55,1963-11-19,edias@example.com,da Paz do Campo,RJ
b2f0ca7b-245a-4fb3-a6c3-a999aca1484f,Ísis Garcia,652.709.814-67,1970-07-29,mcunha@example.net,Novais Paulista,BA
c29d9b0b-dcab-4827-ba2c-dfb3889146dd,Isaque da Cruz,083.519.462-06,1999-12-20,rodriguesjoao-guilherme@example.org,Jesus,RS
a7145843-442f-498e-92f7-9fd3443230e2,Pietra Rezende,345.270.869-10,2008-07-04,cavalcantilara@example.org,Gonçalves,SE
2facd72b-5491-4a86-ac6e-829316f4dc3a,Ester Souza,408.295.716-20,1997-07-05,gcarvalho@example.com,Correia do Campo,MT
c65309b7-3903-4d5d-b76d-30cc961781df,Raul Ramos,420.586.173-71,1993-11-19,erick61@example.org,Mendes,MT
40e37491-1a6e-4954-8706-ce6f9af4f3bf,André da Luz,637.925.480-38,1971-04-09,ravy01@example.com,Castro das Flores,RO
b095da73-4d28-4233-829f-58e4e98da3dd,Luana Sales,145.897.630-01,1997-08-06,kamilly87@example.net,Teixeira,ES
f3611cd3-2e9d-4162-9953-9f65214b1f69,Anna Liz Moura,785.046.923-29,1956-01-26,beatrizmoreira@example.com,Rodrigues,DF
ac41c734-6987-4e79-b08f-05a799e29d91,Dra. Rebeca Borges,870.314.659-66,1998-08-08,augusto64@example.org,Pacheco,AP
4baae082-4777-4e30-a40b-9c48871e4e41,Otávio Ferreira,180.736.294-96,1954-02-08,yfreitas@example.com,Garcia de Minas,RO
7199d9b4-596b-4090-b016-28fbd93eb733,Ágatha Carvalho,512.436.870-53,1936-02-23,da-rosamaria-fernanda@example.net,Nascimento das Flores,TO
c30e4ee1-7603-42ef-acc5-6f17d34d7913,Josué Marques,524.190.786-67,1937-10-20,noahazevedo@example.org,Machado,RN
70da38ad-079c-48f9-996c-e4290c4ec477,Ana Julia da Cruz,067.148.935-66,1967-07-18,aurora34@example.org,Jesus,MA
26bce6fb-5332-408b-a788-d746b0541694,Bento Novais,926.430.851-24,2007-01-20,lara62@example.com,Cirino da Prata,PR
5755327c-4ff3-45dd-bea7-5a0a7be9b787,Henry Gabriel da Rosa,270.435.168-62,1970-05-18,biancaramos@example.org,Freitas de Borges,PI
9d13c98f-98a5-4602-ba1e-e64274db2fbc,Srta. Ana Júlia da Mata,601.745.938-48,1980-12-27,arthur33@example.net,Souza,SP
1d664978-3121-4eca-aa18-a2210a35ef58,Isabelly Sampaio,936.142.578-19,2008-04-20,ana-liz45@example.net,Martins de Brito,SE
0c1a5a36-529a-455b-8378-1d3b210ead65,Sra. Luiza Costela,596.041.873-84,1992-07-03,,Cassiano do Oeste,MT
a7d34f6b-358c-4e17-8f83-527d6bbb3126,Mateus Nunes,375.298.401-50,1958-09-17,zoemendonca@example.org,Moura,AL
c049e867-6642-46f5-9255-2ead743dc4a6,Benicio Teixeira,062.851.973-77,1936-12-01,,Montenegro,PB
dfd02bd7-3476-4386-b13d-f70fb59bfc9e,Sr. Rodrigo Ribeiro,708.463.951-93,2008-08-02,arthur-gabriel86@example.org,Brito,PE
35580856-ec14-4129-a53c-389d8fd010ec,Isaque Correia,984.625.301-05,1990-12-07,pnunes@example.net,da Rosa,RO
dcace07c-a1e4-4dae-aa74-bb975c0f5476,Arthur Gabriel Borges,698.430.725-29,1946-12-05,plopes@example.com,Moura,AL
a3470786-b9e3-4a29-9dd1-b2a52ed877db,Heitor Sales,974.062.531-25,1937-10-21,joao-pedrosa@example.net,Barbosa da Mata,CE
5248bb3c-f04e-4d9a-a0a9-406971c341a9,Isabella Nunes,685.371.024-07,1942-12-25,lopesravi@example.org,Pereira das Flores,SP
dd3e1cbb-6821-406d-b485-041422d946ed,Sr. João Gabriel Viana,793.248.501-05,1947-05-03,thales11@example.com,Garcia,RR
7b034094-b5f3-4b90-8cad-4c6cbc92fed8,Daniela Sousa,658.097.213-03,1972-05-22,cardosoerick@example.org,Machado da Prata,PI
be94ded2-b407-4701-96d3-e26d627e96e4,Maria Luísa Caldeira,015.496.287-20,1975-05-24,xgomes@example.org,Oliveira,PE
8586b8ac-25b5-46cd-a8a8-81602896cd84,Mateus Cavalcante,248.931.057-79,1973-03-26,eda-rosa@example.org,da Cunha de Goiás,SC
eafd51b8-9718-4cbf-b5e5-90aa790f1cd8,Sabrina Peixoto,937.012.654-61,1987-05-18,lunna56@example.net,da Rosa,MT
9e3f4b9d-85ee-46f4-b21b-de809703c87d,Gabriela Mendes,526.873.149-19,1973-10-27,hfonseca@example.net,Pastor,PI
c4171881-fec1-4f2d-96f8-203dc8a2abc9,Yan Alves,739.620.851-30,1954-08-13,rodrigo42@example.net,Vieira das Flores,AP
cc5757af-1291-4f46-ac79-5c0d6e714364,Pietra Pacheco,689.402.537-10,1983-12-28,caionunes@example.net,Sá Alegre,SE
c07cfe16-19cf-4c58-9ade-865bb9d96de3,Bianca Albuquerque,143.856.972-64,1988-11-27,rvargas@example.net,Ferreira,AC
f9a16e39-fac6-4bbe-9fe1-01a2ff68ff32,Bella da Rocha,618.957.243-09,1997-08-23,raquelmendes@example.com,Brito de Macedo,SC
08c2706f-f125-4177-948f-1a157153ae63,Sra. Luiza Azevedo,401.826.759-20,2005-11-25,liamfarias@example.net,Martins de Goiás,SE
48236aad-a696-4801-9645-1e0377f7a615,Ester Cirino,690.541.328-33,1988-08-05,santospaulo@example.org,Sá de Minas,RJ
cc1260ae-10a7-48a1-a92f-081dde435217,Vitor Gabriel Cirino,593.702.641-16,1988-07-26,hpastor@example.com,Marques da Serra,TO
a75c7708-abc2-43ed-bdf5-854f8b53a0f8,Letícia Pimenta,912.708.653-40,1986-06-25,ninagomes@example.com,Oliveira,MG
8d8c9aef-90bf-4e7f-9525-06d9d5dc9a31,Ester Mendonça,829.371.465-46,1942-12-21,antony72@example.org,Novais do Galho,RS
b85426ca-b79d-47dd-a3a3-28addb1607af,Maria Luísa Rodrigues,769.310.485-20,1940-02-15,rael84@example.org,Nunes de Souza,SP
061474db-f823-4cb5-9c0d-8ae7fe8e01b0,Sophia Camargo,914.672.058-85,1965-06-01,vcaldeira@example.net,da Rosa,AL
4bcc0833-4644-4916-a412-3e3e9ec499fd,Julia Ferreira,179.685.234-19,1958-04-06,noahcostela@example.org,Nascimento Paulista,RN
c3bcb994-778d-4dd1-8fbe-3a775b681f35,Eloá Duarte,498.670.135-57,1973-06-01,joaoda-cruz@example.org,da Cruz das Flores,PR
a80a4061-4bc0-4a4f-bd26-f4ba31610e4e,João Felipe Pires,697.058.321-02,1985-11-26,umendonca@example.net,Vasconcelos,SC
3b69d828-bdf9-4c0e-a2b9-bc0727faa346,Raul Porto,516.837.942-73,1974-04-09,agatha92@example.net,Viana de Fernandes,RO
a1a5153d-47f0-444a-9970-e93ef648b800,Augusto Brito,701.693.485-39,1963-03-18,ana-juliacastro@example.com,Rezende,MS
8a94186c-f8ad-4b46-886d-fb81f59b3e18,Bryan Freitas,206.591.378-95,1948-08-17,cunhamaria-liz@example.org,Pastor,ES
f74d0d81-ea8d-485b-a77c-d911b70d906a,Melina Albuquerque,051.637.892-95,1987-10-23,siqueiragustavo@example.org,Freitas da Mata,BA
83561bdc-a5ad-40d5-9d5c-961df6ec122a,Catarina Ramos,210.458.367-53,1956-04-10,rpimenta@example.com,Borges,AM
36900923-ec41-434b-8386-ca59d6babec7,Davi Pastor,659.218.730-12,1969-06-13,benjamim43@example.net,Souza,MG
0ebd3657-6ca9-4db9-85d5-9c622c3bbccd,Benjamim Viana,376.019.824-40,1984-10-26,joao69@example.com,Nogueira da Serra,SP
204df01f-5998-49b4-b29d-86e45f0a3dce,Ana Sophia Almeida,910.287.456-30,2003-11-13,slima@example.com,Porto,PI
f1d4a117-4467-4930-a272-ae2d66add067,Daniela da Mota,149.875.260-85,1977-11-20,psiqueira@example.org,Borges,PA
4099432c-7250-4d62-be85-c51484a49c55,Rafael Pimenta,904.561.832-05,1937-03-21,maysaferreira@example.net,Cavalcante da Praia,BA
378594ce-b812-4357-b30f-10a91a0f41b5,Sra. Bárbara Vargas,056.249.738-29,2003-03-14,xmoraes@example.org,Nunes de Cavalcante,MS
22ee3b3b-7904-4e59-b465-09490de424a9,José Miguel Vargas,193.540.672-80,1941-12-06,yfonseca@example.org,Andrade,PI
b093b351-dd0c-4f2f-962e-56f2ff744521,Dra. Mariah Câmara,536.927.041-43,1951-12-04,cavalcantipietro@example.net,Guerra,AP
ec86f3a1-7e09-41ff-90a7-186087325d37,Larissa Vasconcelos,451.930.267-61,1977-01-13,maria-fernandafreitas@example.net,Vargas de Vasconcelos,DF
29984435-38b7-4301-a62b-8d6587b3224c,Dra. Isabelly Cassiano,069.142.783-69,1986-11-19,gustavo-henrique38@example.org,Mendonça do Norte,BA
61d088cc-3ddf-4c4f-8d53-f53b3bab53ba,Sra. Ayla Aparecida,386.529.074-47,2004-06-17,isabelbarbosa@example.net,Lopes,RO
e04577fa-81cb-4acb-bbbe-f5cb34c82e3d,Isaac da Rocha,456.872.913-00,1967-06-20,costajoao-gabriel@example.net,Cassiano,AM
63ba052f-3d52-4852-87e4-c997ea2d4fd6,Rael Martins,561.427.389-19,1971-09-28,borgeslevi@example.net,Santos do Norte,DF
8014914c-6a37-4f38-a6a3-ab85b00a8e68,Sr. Caleb Silva,356.402.789-00,1990-09-17,vnovais@example.net,Brito,PB
2ce6e2e4-d7f5-4ec2-aa90-1fa65750667d,Davi Miguel Campos,093.167.248-13,1970-11-25,almeidadavi-lucca@example.org,Cardoso de Borges,TO
703837a9-2dbc-4ad5-adbb-ab413b6a129d,Sr. Asafe Martins,026.753.491-43,1993-09-28,danielacunha@example.org,da Mota dos Dourados,BA
93b4902c-e033-47b3-8a15-17635fddf2eb,Joaquim Ramos,476.930.812-40,1954-05-09,pcosta@example.net,Pires,SE
e5542c7b-5aba-4f77-85c7-a61d5174c801,Allana Garcia,578.249.613-46,1960-02-23,diaspedro-lucas@example.org,Araújo do Amparo,PE
469be8e1-7cf7-4f11-a651-157d243d31b3,Sr. Emanuel Brito,394.750.128-50,1983-12-18,luiz-gustavoda-costa@example.net,Sousa da Praia,RJ
aa741d86-08da-4804-b1f1-ea8f16d26dfd,Luiz Gustavo Nunes,923.674.801-50,1940-11-03,araujoravi-lucca@example.net,Almeida,PE
c1047c66-7b57-4728-8751-75ea4a7fee68,Agatha Farias,932.751.608-77,1955-10-11,henrymoura@example.com,Freitas,RR
40677614-7be6-448d-a389-8a11c187821d,Maria Laura Pastor,154.298.367-37,1978-11-09,eduardacamara@example.net,Garcia,MA
d9a3d0a4-8dc8-411f-936d-a038bc474a0b,Dra. Laís Cardoso,206.748.193-22,1965-09-26,monteirojoao-miguel@example.com,da Costa,MS
63cf159a-781a-47da-a2cf-f441c311d1f9,Sr. Caio Santos,570.219.846-85,1950-05-18,aragaohelena@example.com,Cavalcante das Pedras,PR
c7bf3026-07ed-4e9f-9302-ff3d2b831708,Marcela Nogueira,617.948.530-57,1940-03-21,asafe54@example.org,Fernandes,CE
828d6b0d-b507-4d89-b405-c679af3c0b6a,Elisa Siqueira,189.245.360-60,1994-05-18,luaracastro@example.org,Farias,DF
ef88aae8-9aaf-403e-9b8d-595d0021f8e2,Nicolas Sampaio,894.526.107-94,1989-02-23,dcassiano@example.com,Lima,AP
1d57ae74-1f71-499d-a857-56198471865e,Rhavi Costa,103.952.867-86,1977-08-22,fmelo@example.net,Borges da Prata,MG
2ac8f101-6ddf-4715-b72e-8ab88ade7545,Léo Garcia,527.083.416-26,1972-03-23,cassianogael@example.org,Nogueira das Pedras,SP
e0b242d5-c6c4-4934-93cd-bcded6762f87,Heloísa Novaes,068.453.172-08,1946-06-02,csilva@example.net,Campos,SP
c38bcf58-3625-479a-b28f-4657fd656b9e,Emanuella Cavalcante,392.086.547-29,1970-10-09,davi-luiz16@example.net,Novaes Alegre,GO
20a5ac4a-80ba-4b38-a7de-c80ea1587c3e,Natália Albuquerque,986.031.427-69,1950-01-19,vianaallana@example.net,Jesus Paulista,MG
fc433f26-7342-4ce9-9143-b7c9276f0316,Raquel Oliveira,970.123.654-80,1940-12-13,sfarias@example.org,Souza,PR
107016b7-d2b6-41ae-bd40-2ef4d0903ddf,Marcelo Almeida,548.230.179-60,1995-12-25,vitor-gabriel69@example.net,Correia,PB
db0e678a-404b-4aed-bfd6-a78292d69b31,Nicolas Sousa,785.604.193-57,2004-08-24,xcarvalho@example.net,Cavalcanti,DF
e1f761cf-53cd-44e9-aa88-13fc80384f2a,Benjamin da Cruz,079.251.643-52,2004-06-02,hporto@example.net,da Costa,MS
954f1627-1faa-4aa4-a55c-1a1824f496db,Melissa Cavalcanti,785.216.093-02,1988-04-14,castropaulo@example.org,Rocha,DF
431c5ce1-f94b-4214-8214-b90f41577629,Nicolas Moraes,097.156.834-01,1977-03-31,lavinia65@example.com,Cunha dos Dourados,MA
ec51ebb8-8d55-42d3-af1d-a2f3ce1842bb,Stephany Pinto,610.452.987-94,2001-03-28,fernandesyuri@example.net,da Mota Paulista,RS
461c71a5-e16a-4465-a23a-59b923aa13a4,Dra. Letícia Correia,283.047.956-47,1939-02-20,qda-rocha@example.com,Gomes do Norte,RJ
05124084-179f-427f-b57f-3258671e484a,Dra. Esther Fernandes,387.524.609-83,1975-08-29,melojose-miguel@example.net,Silveira da Prata,SP
1b6d4682-7966-4fab-bf06-b09db6e301aa,Lucas Gabriel Rezende,135.972.864-37,1971-02-19,maria-fernanda17@example.org,Melo,DF
0d3b46b1-22db-42b0-96ee-6cb21a1c8f2f,Bárbara Rodrigues,684.301.759-20,1991-05-14,ucasa-grande@example.net,Vasconcelos,AP
1b3dd49c-1b4e-497b-a9b8-4f7f283dd670,Lívia Pires,250.739.164-25,2002-04-22,cardosoluara@example.net,Guerra das Pedras,PR
8ebe4c14-af34-49c1-a0ca-591cb02cd92d,Alana Andrade,835.024.167-53,1969-07-16,catarinadas-neves@example.org,Gomes,PE
9414269b-c722-4e9f-8a96-3165c84b401a,Lorena Cavalcante,104.237.698-04,1982-04-27,wfogaca@example.org,Guerra,AC
ddd89f78-3f62-464b-8dc5-ef01837bc824,Henry Gabriel Siqueira,230.461.758-17,1986-09-26,sophie90@example.net,Ribeiro,AM
1f6ce6b6-593c-45e1-afe4-ffb63810eeef,Alícia Aragão,167.304.295-34,1963-08-23,da-rosalaura@example.net,Ribeiro,PE
c13f8e73-9adb-495a-9d88-cb6d630f6c82,Davi Miguel Leão,189.205.346-24,1971-06-20,elisasantos@example.com,Castro do Norte,PI
4c66a483-a255-4004-a321-d843ebb2d59d,Giovanna Sales,753.068.421-35,1955-12-22,vasconcelosnina@example.org,da Cunha,RS
6341c3e5-af26-425b-b5d5-f01350b8dc63,Rafael da Rocha,470.816.253-71,1993-08-26,britocaleb@example.org,Ribeiro,RS
709c90e2-2e3e-406e-b906-15ed30e3ecc3,Lucas Fogaça,741.269.085-01,1997-10-22,helena76@example.net,Camargo,BA
f62085b6-955c-4ec9-8381-14dff3186564,Dra. Ana Liz Castro,167.843.925-82,1984-06-24,rodriguesjose-pedro@example.com,Camargo de Jesus,PB
b68fe3f7-4a8f-4048-a712-3a81b629cfaf,Benício da Luz,503.924.817-23,2001-04-06,helena28@example.net,Albuquerque,RS
281a2b45-bffc-493c-b1bc-6b1f40326d92,Thiago Melo,721.638.954-91,1942-07-11,isisramos@example.com,da Costa de Minas,PB
a716b94a-fc49-4749-b527-2f3edaf2a4da,Melissa Borges,795.036.412-25,1940-07-20,borgesana-julia@example.net,Rezende,RO
43356d0a-0932-47cc-acd5-7994315c64d1,Manuela Fonseca,037.245.861-08,1997-04-06,britopedro-miguel@example.org,Fogaça da Mata,PI
8dc74f84-4aaa-45b8-84c3-e6d672b34d54,Maria Fernanda Sampaio,102.396.854-15,1961-03-13,goncalvespedro@example.com,Silva,MT
13c96b30-9317-474a-b9cb-f35c0228a0f9,Oliver Aparecida,917.354.860-00,2007-11-09,novaesluana@example.net,Moraes de Vasconcelos,CE
536617a2-a600-4f18-a54b-1401609b83a0,Dra. Emanuella Siqueira,216.547.938-09,1992-08-26,yangoncalves@example.com,Machado Grande,BA
0300f7c1-6655-4504-9c00-e07b75d47258,Sophie da Rosa,853.164.279-55,1953-09-24,milenanogueira@example.net,Santos do Campo,SP
98ec4d55-20cc-4ca3-9fcf-738b01b40804,Dr. Oliver Rocha,846.709.531-84,1955-06-15,riosdaniel@example.org,Sá da Serra,MA
318a70ac-72b1-43c2-a93c-1d564cd9e1ed,Isis Casa Grande,043.689.215-42,1966-03-15,gda-costa@example.net,Sales do Norte,MG
a77d3a9f-5374-4971-8c47-1d0a9d163286,Maria Vitória Viana,580.792.143-79,1966-05-16,zoe93@example.net,da Rocha,PB
1168662c-15f3-4138-9862-8f85f0bb9673,Breno Cirino,281.306.947-78,1953-05-17,thomasabreu@example.com,Santos de Cassiano,AL
48a3833f-f510-4e4a-bc8e-055a6071435c,Lorenzo Peixoto,047.685.291-94,2007-03-07,leomoreira@example.org,Leão,PI
fa1fbd54-2809-4092-851c-1427be852e02,Maria Luiza Borges,538.926.410-05,2007-11-16,wnovais@example.net,Camargo,RO
20d3c449-dad2-41dc-8867-98f64ace67ca,Dr. Isaque Ramos,930.528.716-68,1974-03-02,moreiraevelyn@example.net,Mendonça de Aparecida,MA
dd999beb-b28d-45ec-8e33-787f9a257eb5,Evelyn Duarte,819.745.023-41,1964-05-12,laiscaldeira@example.org,Ramos de Minas,SC
8315a2a2-789b-4955-9a13-ae98f9b868d1,Daniela Alves,750.968.134-01,1966-08-28,joana67@example.net,Lopes Alegre,AC
f4100468-0c07-4459-a9cc-4adff4719211,Bárbara Nascimento,019.572.684-76,1947-06-13,luna66@example.net,Melo,CE
926cd74c-cdad-451e-b20f-5b13ca8d2042,Hellena Carvalho,684.512.703-44,1952-06-12,abreuisabel@example.net,das Neves,DF
4b22bd93-a984-457b-ab3c-98a3b880be16,Dra. Manuella Cunha,682.195.703-77,1960-05-10,saisis@example.com,da Rocha,RO
04a0fcbd-1133-4587-936e-0618149c188a,José Brito,375.218.049-88,1962-01-03,maria-vitoria75@example.net,Sales Verde,BA
a82d1f68-0f54-4dc1-843c-f0b129319d24,Maria Clara Dias,620.815.349-24,1953-12-14,maria-luiza77@example.com,Mendonça da Prata,AM
5aa35560-467e-494b-90fc-cfe4e76df5ba,Bruno da Mota,283.950.476-65,1990-10-24,brayannovaes@example.com,Rezende de Vasconcelos,BA
8ace3969-6e6d-41a7-ae94-6a476a601f13,Dr. Henry Gabriel Vargas,942.385.017-05,2004-01-07,ribeirorhavi@example.net,Sá,PE
465b223c-3207-4064-a9c3-6cd6b07bc650,Pietro Castro,297.801.356-77,1971-08-27,ravi-lucca03@example.net,Gomes do Amparo,PB
566595b8-7cf3-4e1a-b838-11d5849eb473,Asafe Rezende,514.692.837-19,1985-05-23,moreiratheodoro@example.com,Moreira,MG
ea5da35c-ecf3-428c-967d-aeb49c4fc6da,Dr. Ryan Vieira,702.315.894-41,1964-06-17,marcelocastro@example.com,Ribeiro,ES
f3fbeab1-12ab-4ade-835d-4184de7f64e6,Luísa Silveira,178.394.526-55,1938-09-23,caiocardoso@example.net,Carvalho,RS
1f2f154e-f758-4353-9274-bde72f826ca7,Ana Cecília Oliveira,209.714.368-78,1974-04-02,cunhamanuela@example.net,Mendes de Cavalcante,ES
923bd566-8bc8-4a7d-9b4c-ad2e8f6aa06a,Cecília Vieira,924.158.370-32,1966-12-14,igomes@example.org,Costa,PE
4cd32e1e-ac8d-4e0f-81ef-37fac62a799f,Mariah Cassiano,912.345.076-25,1948-05-10,iribeiro@example.net,Vasconcelos,RO
555e71b5-3d5b-45bf-854b-4044758e5bda,Marina Moreira,650.843.192-70,1983-05-19,limajoao-felipe@example.com,Vargas de da Conceição,AP
6c168713-3e3e-4358-a254-62e097c87506,Yago Jesus,430.567.928-00,1986-09-18,ana-vitoriajesus@example.com,Cassiano,PA
f98f0d92-af76-4552-bd12-254343af2c2c,Isis da Luz,865.423.197-19,1959-12-31,maria-sophia44@example.net,Vasconcelos das Flores,SC
b04c627a-1e34-4360-a140-b7580a05a05a,Dante Souza,372.014.956-07,1957-07-20,aporto@example.org,Melo,RN
58b4f944-0d63-4465-9001-30e5fdacccb9,Aurora Azevedo,435.096.812-15,1943-06-30,mayamacedo@example.org,Ribeiro,SE
845714cb-d429-49bf-bbd1-e27c6d416b42,Laura Correia,083.419.267-50,1957-02-06,da-motaisabelly@example.com,Guerra Verde,DF
4afccb13-1e0b-4789-ab27-417596dfd3c7,Alice Sousa,194.576.283-73,1966-06-22,mariaguerra@example.net,da Luz,CE
b56aed8b-8cfd-4274-a603-aae4ea3d6a20,Sofia Caldeira,814.207.639-03,1995-12-08,enunes@example.org,Vasconcelos dos Dourados,RO
c319cc85-ee93-4c81-bce6-298208110124,Ana Mendes,149.357.862-64,1983-09-24,sampaiovinicius@example.org,Borges das Flores,RO
bc69c60b-1a42-42ba-9174-9da1084d0cc9,Sra. Ana Vitória Novaes,275.914.603-07,2003-08-03,ravysousa@example.org,Costela de Goiás,DF
985b42b0-4377-474b-b6d4-96997a74190c,Luiz Henrique Cassiano,198.563.024-98,2001-04-24,ana-vitoria79@example.com,Cirino de Teixeira,PE
5d14ef11-eb44-4441-8a7f-f30e6644c83a,Miguel Câmara,920.435.781-97,1989-04-04,maria-ceciliacampos@example.net,Dias de Sales,AC
54089776-20c4-4c4c-9f3e-e9c3939ee5f8,Gustavo Henrique Garcia,915.246.873-91,1967-12-13,maria-julia95@example.com,Monteiro,PA
6c76f5bf-3beb-4870-9e21-29304ef0d218,Otto Sampaio,596.231.470-07,1949-04-07,ravy86@example.com,Casa Grande,SE
6d1e8ddf-f9cc-4d66-bdcd-1e86aee9b18f,Srta. Olívia Albuquerque,267.154.983-00,1969-10-30,goncalvesgael-henrique@example.net,Araújo,DF
4a866be8-db7a-4044-93f4-107edd15186d,Renan Pires,175.268.490-76,1991-09-18,ferreiramiguel@example.net,Vasconcelos,MA
bb8d6d47-3726-400e-b992-e1d5ff1fdc57,Dr. Thomas Mendonça,716.423.809-03,1993-01-30,fbarbosa@example.org,da Conceição Alegre,MT
aab5056b-279f-4fcc-a08e-56dd2e5662c7,Lavínia Santos,469.327.810-69,1960-09-13,cardosoravy@example.net,Souza de Minas,DF
67ffdd1a-5300-46d3-bde4-28a7bc9bb9b5,Miguel Caldeira,197.405.326-16,1949-10-26,leonardo16@example.com,da Cruz,SC
f18239be-cee3-476b-8b3f-4d1f64cacbe4,Pedro Miguel Pires,298.067.413-31,1972-09-30,scarvalho@example.net,Pastor,RN
7207d942-9cab-456a-9ee1-daaa5d8eba5b,Maya Moura,845.391.072-32,1985-06-16,jda-luz@example.com,Abreu,PE
e6240a6b-ce9f-456b-836e-9fc2f311e6a0,Luiz Felipe da Paz,780.536.291-21,1975-07-17,anthony-gabrielnovaes@example.com,Jesus,PI
06c8b9bb-d238-471d-9505-0c8c8e62b59d,Maria Laura da Cruz,268.190.354-89,2005-12-25,alice84@example.com,Azevedo,CE
817f5229-d4ee-4167-be00-ed2a0abb505e,João Vitor Camargo,794.583.160-57,1956-05-19,nascimentoaugusto@example.org,da Paz,GO
fe05acb7-8ab6-4ae7-81d8-a0c030626dee,Pedro Lucas Siqueira,031.798.642-22,1978-01-29,dfreitas@example.net,Farias,AP
4a323f94-0457-4468-a846-d0fe3798b5fd,Benjamin da Mata,617.892.304-03,1969-07-22,cvargas@example.org,Costa,PB
595d0e87-e561-4f6c-a159-ec58936885d6,Srta. Stephany Rios,376.528.140-90,2006-07-28,da-cunhamaria-luisa@example.net,Costa da Praia,AL
e988e463-ac98-49c2-b3be-22d7aaa83ddd,Helena Camargo,365.012.879-95,1936-11-20,pachecomaria-laura@example.net,Freitas,SP
7adee904-f186-4a04-b7b7-922fcd618877,Josué Castro,715.690.483-39,2008-09-02,,Cardoso,PR
80e3353a-edab-4d1e-8be1-5c9bc0d483a3,Liam Novais,573.098.246-10,1969-10-17,mendoncaluna@example.net,Nogueira do Amparo,DF
d6d07caf-e556-4ac6-ab8e-fd77574a9a81,Ester Nogueira,597.248.106-58,1996-11-01,vinicius85@example.com,Vasconcelos,RS
9b3d7e5f-1e3b-4fa9-ac4b-1c18115a21ee,Maria Helena Siqueira,205.641.938-60,1988-05-30,sabrinarodrigues@example.com,Pimenta,MA
31ffe91f-a9f6-4f92-b5fa-a3a6b70c5532,Dr. Lorenzo Camargo,189.075.632-68,2001-09-24,gael-henriqueandrade@example.net,Ribeiro do Amparo,PE
013a1b07-29d8-41c4-9413-038ff551ebc8,Jade Aragão,531.078.694-57,1984-10-17,yfreitas@example.net,Pimenta,GO
61570b75-0c8d-4407-a7d1-1cbdc751899e,Ana Cecília Siqueira,149.780.523-60,2008-01-13,mcorreia@example.net,Nunes,RS
4099d1e0-c250-4e58-b2ea-78c567ce94dc,Oliver Souza,157.863.042-80,1990-04-29,levi89@example.com,Dias da Prata,MT
df0d272a-dd3d-4ac0-8bcd-13662c5b8665,Dr. Pedro Silveira,538.742.916-00,1989-09-19,silveirabernardo@example.com,Moreira,BA
ce4533e6-a4d3-4ec0-b5da-e8a7c1db09cf,André da Rosa,395.072.164-99,1998-05-01,leonardo24@example.com,da Conceição,GO
8791fd09-9db4-4efd-9576-0e9a06f31323,Caleb Oliveira,631.528.740-90,1976-07-22,siqueiragiovanna@example.org,Vargas,MT
d341dea6-881e-4635-8b44-b28ecec8a2fe,Dr. Oliver Campos,306.824.719-50,1980-02-26,leandroaragao@example.net,Machado Verde,PE
63c6ac7c-c80c-4ce1-ab6e-d2ee4fec5727,Henry Lopes,462.170.359-52,1990-01-01,enzo-gabriel68@example.com,Teixeira,BA
314bfa83-fee2-4e80-a274-8cdc1ca09cf9,Fernanda Mendonça,638.102.795-95,1950-12-27,xlima@example.com,Duarte,MS
f071acb1-e489-47f5-8d97-2c237af58c49,Amanda Vargas,425.936.170-80,1967-06-14,evelyncassiano@example.net,Camargo,SC
df71da6d-63c0-4a29-ae6b-b8c2214f523e,Joaquim Pinto,240.957.613-34,1938-10-08,otto83@example.org,Novaes do Amparo,RN
da5acecd-c89e-4ae2-8f51-a5933b8fdaab,Srta. Allana Garcia,980.217.645-11,1942-11-24,arezende@example.org,Ribeiro Paulista,RO
032411e8-5644-4a9c-b44e-8b559dd2341d,Maria Cecília Caldeira,046.138.972-03,2008-01-08,cirinomiguel@example.net,Novais de Silva,AC
bb2169e2-80f4-42c8-88f3-ff73e6bfb359,Josué Moura,457.381.092-79,1984-01-15,ravy84@example.org,Gomes do Sul,PI
63311fdd-671b-4516-b9c2-fecd41982dec,Henry Gabriel Cassiano,562.093.148-05,1956-06-18,mdas-neves@example.com,Nogueira de Cardoso,DF
5b5b1b4d-58fa-4ea3-9045-173d1e65066b,Cecilia Pacheco,832.754.190-05,1957-03-08,davi-luiz88@example.net,Cirino,MT
61782829-4fa9-40a0-aea2-009847c00d67,Arthur Teixeira,568.237.104-62,1953-07-30,,Alves,SP
a12f9563-2920-4cc8-b0cd-b4952f4ea735,Juliana Pereira,938.150.246-33,1953-12-03,psilva@example.com,Gomes,PR
8e4c34e0-3b39-401f-8528-df4973d354a0,Cecilia Castro,390.872.654-92,1963-07-07,cavalcantiluna@example.net,Sales de Duarte,PB
35f673bb-7449-47d0-8bd7-dc623922bd50,Paulo Guerra,065.347.928-00,1997-02-19,paparecida@example.net,Sousa do Norte,PI
1e077136-b1d4-436a-8625-fd9006ec8162,Stella Teixeira,034.862.719-03,1993-03-03,caue82@example.com,Borges de Silveira,PE
deeb1e7f-0ab7-4faf-adbd-aa0e8d4a5238,Fernando Vasconcelos,982.367.504-00,1997-06-02,mariaborges@example.com,Sales da Serra,RR
9c273ad7-303a-4c3e-933d-f00e65957da0,Srta. Ayla Camargo,751.483.962-37,1941-08-25,brunanunes@example.net,Castro,BA
e890a47e-9f96-4efb-aa27-1eb56d433c37,Benjamim Leão,497.251.036-61,1936-02-26,,Albuquerque dos Dourados,PR
3a2fadef-957b-40ba-8e31-6b73868f0802,Ísis Abreu,973.148.562-73,1946-06-25,da-cruzagatha@example.com,Aragão,CE
dc8e676c-815c-46fa-a771-6edcddb65621,Benjamin Rezende,502.684.719-67,1942-05-07,leaoluiz-henrique@example.org,Pimenta Verde,SE
b0637186-c861-4f3f-bb7d-d28118cea774,Emanuelly Marques,950.728.416-85,1993-10-31,da-rochamaria-julia@example.org,Sales,GO
554735de-90a0-4035-9d4d-0a470d50138a,Dr. Vinicius Costela,301.456.872-44,1993-10-17,valentim89@example.net,Cardoso Verde,PR
f2a54638-9af8-49f4-82e9-dc87f6fbbfcd,Sara Monteiro,234.105.768-35,1963-11-22,cjesus@example.com,Novais do Oeste,AC
7be47cfd-5562-4dbd-8fb0-457dff3614b3,Gabriela Sales,491.268.503-89,1981-01-12,isabela99@example.org,Correia,MT
689b58aa-a266-4ffe-98b0-9ab5fdfc27b6,Dr. Renan Andrade,279.534.816-00,1943-04-19,ana-vitoria88@example.org,Oliveira,RO
2ba592a6-1718-4a11-9979-905ef3b56f88,Dr. Benício Cassiano,405.379.126-06,1961-03-05,vianaana-liz@example.net,Santos do Norte,GO
c049bc55-0bea-408f-922f-e05e445298a7,Aurora Monteiro,357.621.809-21,1986-08-09,vasconcelosnathan@example.org,Montenegro de Alves,SE
85947e54-1d3f-43dc-a7d8-e5659f3ed1ef,Sarah Cassiano,357.842.609-10,2005-12-02,noahsilveira@example.org,Gomes de Silva,PE
d5dce6d6-3c4b-4027-88c5-acebfe583190,André das Neves,015.397.248-32,1964-03-26,murilo34@example.com,Vargas dos Dourados,RO
8548ff66-7eee-4011-b788-c0642538c0ba,João Gabriel Cassiano,241.085.637-35,1979-01-07,joao-miguel49@example.org,Barbosa,MA
1dac53e5-4454-46e5-8f12-44f5e32fc38e,Maitê Nogueira,702.836.415-17,1947-05-25,lgoncalves@example.net,Pimenta de Fogaça,MA
4282479b-4205-4eb6-914f-60f9be869efe,Sr. Vitor Barros,721.653.098-59,1999-01-05,oda-conceicao@example.org,Fonseca das Flores,CE
86bbe6da-25ec-4e78-b7a1-a27e695fecd8,Dra. Luísa Viana,578.063.912-40,1998-06-13,alexiavargas@example.com,Moraes,AM
99a9d456-9044-4973-ac55-cf161448cc42,Bianca Duarte,814.735.602-17,1957-04-25,egomes@example.com,Sales,RJ
272a0951-9e49-406f-9858-7807f72fb1eb,Maya Nunes,583.190.746-57,1979-12-16,macedoluiz-gustavo@example.com,Azevedo do Campo,RO
99c1b0ad-5e35-4387-bf76-30441161c421,Maria Helena Duarte,701.964.832-04,1997-04-28,heloisa99@example.com,Costela,RO
c3845e64-01e7-498d-81c1-4b8ba5e7f180,Dr. Kevin Lopes,510.463.897-93,1985-12-04,abreuelisa@example.org,Alves de Goiás,PA
74e79126-e161-46e0-bb37-794b8f5bb2ce,Dra. Maria Júlia Pires,568.374.120-35,2000-04-20,marcos-viniciusnovais@example.com,Leão Grande,MA
d2536301-97b3-4f08-80bb-945902b07bc8,Carolina Carvalho,019.853.472-88,1954-05-08,ymarques@example.net,Pinto da Serra,PB
93b9a9b5-eb15-4bca-a7f4-e8825fac3462,Mariana Novaes,765.183.029-68,1967-11-23,juliana89@example.com,Andrade,RJ
ec6bfec8-7ee8-48af-a83f-68c51edacea1,Maria Eduarda Camargo,971.854.260-49,2006-11-26,da-cruzmaria-julia@example.net,Rodrigues,RS
7d21dfdd-421f-4352-9158-582c78f01cfc,Luana Pimenta,059.364.821-89,1992-12-21,ana-beatriz42@example.org,Siqueira Verde,GO
5469b09e-7d33-41ba-9bbb-fc2fb5f094ef,Renan Pacheco,204.657.819-85,1946-11-26,mirellabarbosa@example.com,Cardoso Paulista,GO
90ba7dcc-9541-46a7-ae77-624a4b81e498,Anthony Gabriel Sousa,128.537.960-86,2001-09-02,sarahandrade@example.com,Casa Grande,RN
d97bd7f9-ba89-497c-88f3-ff09875ddfcf,Thales Sá,693.571.428-19,1943-01-25,,Sá do Campo,AL
3e27e00b-b203-426a-8f9f-4c10c20c6ecf,Ravi Guerra,749.581.326-19,2000-04-06,joao-vitor86@example.org,Machado das Flores,RO
6cc5ccb2-ea47-4fe6-84ad-8108c6616689,Sr. Calebe Nascimento,564.289.017-49,1998-06-06,mathiasmoreira@example.com,Dias,PI
ef77871a-cde8-4d59-bc72-d7c4712bf192,Anthony Azevedo,061.493.257-25,1969-12-15,bernardoalves@example.net,Araújo,RN
854dd160-7a32-4ac7-ac3c-f4623e4aad9e,Helena Peixoto,198.647.320-13,1950-10-05,thiagoda-rocha@example.com,Porto,PB
23f89d97-655e-48ca-8b31-af26dde1aa39,Paulo Sales,542.607.918-85,1980-12-12,da-luzvinicius@example.org,Azevedo de Mendonça,DF
42cc82d2-f89d-4f6d-9b0c-6132d509bcb6,Maria Júlia Cavalcanti,712.438.069-31,1949-09-24,barbosadiego@example.net,Vasconcelos dos Dourados,AC
9b800837-9fe7-4f3f-9fb4-3444e9ce7f67,Clarice Rezende,096.217.348-78,2005-10-25,bmendes@example.com,Nogueira,ES
11fc6cb3-6ec5-4af4-b4bb-bfb6be87f34f,Matheus Sales,715.296.304-52,1985-05-25,enrico74@example.net,Cavalcanti,PI
06d0b522-4306-4c4d-8491-bfb68dbecd66,Matheus Ribeiro,346.052.971-70,1961-06-17,brayancorreia@example.org,Mendonça,MG
5be360c2-d762-4bac-af25-ab6160952bb7,Vitor Hugo Ramos,478.062.513-08,1990-11-11,cunharebeca@example.com,Sousa,RJ
18eb6348-fbe8-4427-a388-d6732c92bcd8,Brayan Andrade,270.348.195-05,1937-08-18,carlos-eduardodas-neves@example.org,Pimenta de Cavalcante,TO
9b30d2c7-7e4d-4bf7-ad95-eef0a7c5627e,Ana Luiza Caldeira,173.098.245-04,1979-10-20,rodrigueszoe@example.org,Vieira do Oeste,SP
bd2ddc9f-c912-41c8-9a15-c4da88b56706,Erick Farias,194.836.250-33,1995-05-17,brunocarvalho@example.org,Vasconcelos da Serra,AC
2db49b21-c646-4e8f-960e-9eac87229dfd,Anna Liz Abreu,021.564.873-08,1952-12-10,joao-pedroporto@example.com,Jesus de da Costa,CE
eca49a0f-17a5-45ec-9963-749c06c513b0,Ana Carolina Peixoto,271.596.304-16,1961-10-16,mouragabriel@example.net,Teixeira da Prata,PE
e135619e-7b5a-4657-bf2d-4332b84db33a,Ravi Vargas,340.176.985-57,1957-06-01,aragaoemanuella@example.com,Lopes,GO
48f58c3b-b2a6-48eb-bcc5-0c91734b28c4,Dr. Augusto Caldeira,082.193.547-04,1996-03-19,larissa35@example.org,Duarte,ES
2a7fe229-6e6f-4481-935e-ae51ce4cbffb,Isaac Sousa,639.108.457-20,1955-05-27,,Pimenta,PB
cff320ce-75aa-470a-9314-140585389987,Mathias Freitas,273.596.180-02,1940-01-16,da-motajoao-gabriel@example.org,Marques de Leão,CE
d6b13b23-f985-4317-848e-8fe6ebbeb19d,Sr. Juan Pereira,293.074.561-43,1998-08-28,arthur63@example.org,Lopes Verde,ES
d7ed06d9-c5c9-409d-8ee8-fa23142b0d2a,Clarice Oliveira,069.734.812-13,2000-11-25,machadomaya@example.org,Novais,SP
4516497f-1e26-4577-8dae-c484b1a9f363,Nicolas Cunha,254.180.769-49,1957-09-11,voliveira@example.net,Marques,PB
de7627eb-31aa-4a9e-950d-811a5bcc5533,Nathan Cirino,570.698.321-68,2007-12-07,da-rochaleticia@example.com,Viana,RO
621c9db7-8698-4c70-9ab6-6fe31eb1eef4,Lucas Gabriel Sousa,085.963.217-21,1985-06-05,luiz-fernando81@example.net,Carvalho,MT
e9764e49-1dba-4c7c-9401-1d6644b4f60b,Vitor Hugo Camargo,738.265.910-03,1944-04-19,catarina77@example.net,Melo,RR
ebe29632-e3ae-4855-8e00-63d3b909483a,Yasmin da Rocha,751.930.468-00,1974-12-03,caldeiralucas@example.com,Sampaio,BA
8d45a77b-91c7-4060-9c35-1f856ddedfd2,Clarice Costela,804.357.162-71,1992-11-07,psousa@example.org,Correia de Minas,AC
dd12e1cb-9da0-4ee3-bf22-ce93284381ef,Vicente Ramos,569.782.341-09,1998-01-03,joao42@example.com,Mendes,MS
37d90d0d-8d6b-4196-ae66-e894c0a680d3,Benicio Casa Grande,547.186.203-17,1956-07-24,renancamargo@example.org,Oliveira Grande,PB
45ee2b1f-c050-459f-88ce-ac01c390b8d9,Léo Cirino,380.526.194-24,1957-10-20,joaquim06@example.com,Marques,MT
d5d1e43d-3a1f-44bb-a4f0-5bbefc29f011,André Sousa,895.762.310-86,1995-11-05,henry-gabriel70@example.org,das Neves,AC
f7394e41-6e80-44d1-a9dc-84d6c2df9543,Hellena Machado,519.048.736-93,1938-09-28,nascimentomaite@example.net,Moraes,MG
fb6d0b02-1c5a-447b-9c71-4de870106015,Samuel Dias,980.523.164-05,1985-12-24,afreitas@example.com,Ferreira da Mata,PB
3cb76962-dbd6-4555-98a2-0d7e97b80792,Aurora Cunha,769.213.408-13,1955-03-23,ana-juliamelo@example.net,Azevedo Verde,SP
d64c0426-3028-402c-874c-304f8acfbb91,Aurora Abreu,649.183.702-50,1987-08-19,mariane04@example.net,Monteiro da Prata,SC
7c5060fd-203f-478d-9151-ed487410b119,Heloisa Alves,024.853.961-24,1992-06-12,marianesales@example.net,Alves,AM
0db7c29b-51c6-423d-8425-ad169bb9dd15,Thales Azevedo,957.432.860-00,1986-06-19,da-luzluan@example.net,Casa Grande,MT
39b6d754-b1e2-4893-92d6-0290a699a2c8,Catarina Fogaça,204.936.817-87,2007-10-03,moraesmathias@example.net,Teixeira,AM
773b341a-5e47-4b22-9a4c-415222a59acc,Eloah Nogueira,594.286.071-85,1955-03-27,carvalhorafaela@example.com,Vasconcelos do Amparo,PA
70cd4309-9a93-4a73-b5fe-73507840ae55,Sr. Cauã Cunha,283.614.059-33,1946-01-26,cardosoarthur-gabriel@example.com,das Neves da Praia,BA
0daa7714-7201-43e4-8ea8-509899c752f1,Stephany Teixeira,524.096.178-67,1966-07-06,jose32@example.org,Sales do Campo,AP
22aa47ac-82f0-4d03-9f98-3ada6fd9ed5e,Rodrigo Sá,603.894.517-20,1970-02-09,azevedoana-julia@example.net,Sá,AM
5abb8e53-1dde-41cc-be13-7837bed702dd,Gustavo Pastor,325.061.894-24,1983-08-11,melissavasconcelos@example.net,Montenegro,RJ
dfe816eb-1f3a-4d2e-bd3a-e2e175eea04d,Carlos Eduardo Pacheco,083.512.649-89,1949-02-07,,Montenegro,RR
9fff91fd-74c6-4464-96a4-927826cc05ae,Maria Clara Sampaio,927.501.843-04,1964-11-01,joanacamargo@example.com,Martins,AM
bb2ee178-f850-43dd-93d2-bcc8b6e22328,Catarina Monteiro,540.723.619-25,1997-11-11,livia38@example.com,Lima do Oeste,AP
f2b3a2c2-476c-4c6d-8b32-4ca0986b9532,Maria Eduarda Cavalcanti,071.364.952-61,1989-05-29,lsales@example.org,Azevedo,MS
fa8d3bed-233d-4bf2-bf0c-9ed5306adf71,Lucca Costa,961.735.248-64,1990-02-22,maria-laura96@example.com,Casa Grande dos Dourados,AM
0d199e48-3674-4b72-af74-2e8492183bcc,José Mendonça,732.065.418-08,1960-01-18,rpereira@example.com,da Rosa,RN
0c5cd70c-12e5-411a-bb38-092666a06a78,Aylla Teixeira,187.639.254-19,2002-05-25,vitoria58@example.net,Teixeira,AL
764c1a84-d039-4a28-b9e3-9c4b6f9a9a00,Bárbara Gomes,756.390.481-66,1958-01-05,ilopes@example.com,Mendonça do Campo,RJ
01540994-95ea-4e9a-9785-5e8c994acf10,Rebeca Ribeiro,897.341.052-05,2003-01-01,rpimenta@example.com,Duarte do Norte,AC
8705e24e-a1e7-4723-a1bd-334a3b2bbd8e,Ana Clara Cardoso,590.682.371-95,1982-08-25,juliana50@example.net,da Cruz,ES
0da78386-5f40-4453-ae9b-054c70d4eff5,Luana Pastor,194.028.657-30,1940-10-05,bribeiro@example.net,da Mata do Sul,RR
9bceb0fc-e101-4562-bb19-3e951ec7ffb1,Alícia Dias,695.403.728-10,1981-05-26,zmontenegro@example.net,Cavalcante da Mata,MS
fb29f058-2733-4ab5-84bf-9f8cb00f2d68,Gabriela Monteiro,183.260.579-59,1966-06-01,silvagabriel@example.net,da Mata de Minas,RJ
e0dbbf5f-944d-4a0d-9509-1b14bde2da71,Olívia Lima,351.824.679-82,1962-11-26,qguerra@example.net,Rios de Teixeira,PI
648e3d4c-0531-46fe-91b0-c3d84d1dc3d0,Antony Pires,827.153.946-91,1943-10-28,emanuellamartins@example.org,Cassiano,SC
640d6a9f-10d8-401e-b03e-bda005ed0679,Letícia Lopes,651.873.290-30,1970-07-30,jadeda-costa@example.org,Correia,AC
5a03615c-41cf-4e4c-a4a2-37c49c706cf4,Leonardo Martins,786.350.149-01,1954-03-30,da-luzagatha@example.net,Ramos,AL
b22e8f8c-a11f-4039-9b1a-61e9f7fe5791,Sra. Alícia Araújo,154.603.278-90,1989-09-09,ravycamargo@example.net,Moreira,RO
e4a9fe33-91d4-4cf9-9c20-c2cce5ff1083,Valentina da Cunha,713.402.698-13,1967-10-14,jcunha@example.org,Cunha,GO
cb47260a-0fee-45ab-85d0-56e3152e7f2c,Maria Luísa da Cunha,907.428.531-79,2000-04-20,agathaviana@example.org,Melo da Praia,TO
9a480504-b3b3-4a59-a21d-34c79b3eff6b,Antônio Ramos,908.561.234-98,1977-10-06,joaquim83@example.com,Albuquerque das Flores,GO
91ffba62-9e84-4c44-90b5-f7928764dcde,Caleb Sá,349.617.285-19,1940-04-14,enrico77@example.net,Farias das Pedras,TO
d37e10cc-48cd-4889-ace3-57797e5f315b,Enrico Sampaio,481.239.670-04,1942-10-06,liviavieira@example.net,Abreu,MG
5005f93f-9ae2-4acf-8e70-238a90283005,Leandro Dias,918.764.523-82,1979-02-22,vmendes@example.org,Cavalcanti Verde,TO
2a687256-d395-4e33-a342-3f5a4133534c,Dr. Gael Henrique Barros,652.394.107-80,1966-10-20,martinsmiguel@example.com,Aragão,MG
8579bd27-e194-4cf1-bf71-bda7ebfe7fa5,Mariane Peixoto,421.879.035-32,1997-06-03,ocampos@example.net,Correia,TO
8460c08c-91a6-4d82-89be-fd8262891efe,João Pedro Souza,762.314.580-08,1992-08-10,,Jesus,SE
e29fd7bb-93a2-47ae-8eba-1d5205058a8f,Arthur da Rocha,437.129.805-23,1999-06-28,aylasales@example.com,Silva,MG
809f9871-f822-4f87-9aa2-1975cbb7c898,Sra. Jade Barbosa,180.729.346-78,1936-05-27,mirella96@example.com,Rios da Praia,BA
adbf63c5-6262-40d9-b42d-1a9d67916eaf,Ana Cecília Pacheco,249.837.506-65,1978-11-10,qcasa-grande@example.org,Aparecida Grande,PR
3a4a1b96-e317-4118-8e4c-44d82d7d3ef9,Luiz Miguel Lopes,498.723.165-46,1956-04-05,maragao@example.org,da Conceição,CE
1ef2be0b-bd63-447d-ab42-fa5af36c87d4,Ravy da Luz,276.038.519-12,1997-12-22,ucamargo@example.org,Ferreira,AP
3b3092db-d6ef-479d-992e-90de4cf8c74d,João Miguel Cirino,284.756.190-02,2007-04-07,larabarbosa@example.org,Rocha de Brito,MT
f50252d4-01bf-406b-88cc-2f597ad454c4,João Miguel Rodrigues,165.402.978-58,1998-04-24,omarques@example.com,Farias,AL
a2484df5-fac8-4eed-b6ad-7f2a007e7d68,Milena Duarte,923.608.457-56,1987-08-01,guerrathomas@example.org,Vargas,MG
48263949-3ca0-4068-a03e-4908163a3c35,Antônio Costela,268.951.047-20,1994-07-08,joao51@example.com,Mendonça,PB
3211267c-32bf-438d-821f-257ac6e8aa8c,Olívia da Mata,961.832.754-09,1948-04-28,moraescarolina@example.com,Ramos,RO
62d6e0a9-b39f-4cf8-9386-c6a92abf5f6c,Srta. Sabrina Moura,814.360.597-39,1953-01-24,theo86@example.com,Novaes,AP
9ec92404-df2d-4de3-a810-1b6f870479c4,Théo Caldeira,869.034.215-05,1946-10-20,camargomaria-eduarda@example.org,Gonçalves,AL
0d98e703-ce2a-47ab-88aa-9a5f4900aa20,Oliver Santos,457.683.210-71,1964-05-26,emanuelsouza@example.net,Rocha do Campo,PA
735a80f3-4c35-456e-83df-1d059485134c,Allana Abreu,610.853.429-05,2001-12-01,eloah64@example.org,Carvalho,AC
363eedf5-1aa6-410b-9fc5-d09396bd5fb0,Daniel Almeida,309.751.468-66,1947-05-23,maria-fernanda27@example.com,Camargo,CE
340b4452-ae6d-4fb1-8fd4-4d4ee925252f,Pedro Miguel Mendonça,709.415.236-16,1942-08-09,antony16@example.com,Sousa de Pacheco,RN
c53e7729-a51b-4c6b-a7a6-b2abba01bd4c,Dra. Lavínia Andrade,769.485.302-65,2007-07-30,limaana-vitoria@example.net,da Mata,RS
1c76953f-8eab-4157-8ea5-d8ec3a927efb,Olívia Camargo,759.830.164-66,1999-07-16,luna38@example.org,Pereira dos Dourados,BA
72c4f364-19a9-485a-a581-0b8ddea06753,Mathias Leão,572.418.069-30,1953-03-30,murilocastro@example.net,Brito de Vieira,PA
227c89ec-f3c3-4b06-af45-ce3aaeb2b3a2,Liz da Costa,380.725.496-00,1959-06-15,azevedobarbara@example.com,Pinto,ES
32ad1ca8-8c74-4cca-a3f1-b8d183f4b41a,Henry Gabriel Mendonça,458.609.273-47,1942-07-15,,Marques de Sá,AM
2b6638b5-6548-453e-9482-75ca5508f25b,Cauã Novais,081.759.634-84,1975-06-07,gteixeira@example.com,Cassiano,RS
8edb5d08-58dc-4e2e-93b3-ea18fe548c35,Dr. Davi Miguel Campos,376.801.942-03,2004-05-28,enzo-gabrielda-mata@example.com,Fonseca de Goiás,BA
c30df490-a253-4a8c-8931-277b587a6a0e,Mariah Viana,326.975.801-40,1955-06-28,silvapietra@example.org,Fernandes,MT
f738d529-9e3f-4d4b-8cfe-eb820568e544,Eloah Lopes,069.581.724-85,1992-09-27,srodrigues@example.net,Silveira Alegre,MS
161a1d13-42e1-42b1-8762-d8d47000e5df,João Lucas Moura,926.351.784-37,1990-09-23,ana-juliabarros@example.org,Gomes Grande,PE
470172ee-4e7b-4ed1-a89f-96788a6ac773,Larissa Cunha,184.729.036-13,1968-07-09,lavinia81@example.net,Freitas,GO
5a37438e-cea3-4774-8679-6d70a36d1700,Sofia Fogaça,109.324.875-05,1967-10-22,clarada-rosa@example.com,Silva,MG
24ca1e05-a568-43a0-b6a7-af7028d61fcd,Isadora Caldeira,583.627.041-44,1991-10-03,borgesdavi@example.com,Melo,DF
53f4cbd6-615c-435b-b484-083522ceb7b1,Ana Vitória Freitas,869.724.351-37,1995-07-27,asiqueira@example.org,Montenegro,BA
f44e870a-c430-41e6-a0a5-a266935042b4,Natália Cardoso,891.573.402-50,1985-12-09,pereirajulia@example.org,Freitas,RJ
1fbe05cd-e222-426b-8db1-23b25fdc9456,Asafe Moreira,215.967.480-01,1955-02-13,lauraaragao@example.com,Cunha da Serra,TO
e55d221f-571e-42c3-bb8d-d5ef5060d928,Sra. Agatha Campos,851.603.427-53,1997-03-29,,Viana das Flores,PR
76d52d8c-610a-441c-a280-a47cd1e9df70,Dra. Caroline Teixeira,287.635.194-37,1947-10-30,ogomes@example.com,Nogueira do Norte,RO
0d00339d-bdd5-4bf6-8545-5e3261cc166d,Lara Ramos,120.458.763-90,1961-11-11,nunesrebeca@example.org,Montenegro de Almeida,AM
790bb3ca-4e6a-40ac-b6b5-05b41d7a3d6a,Yasmin Cirino,043.158.796-57,1990-05-11,mendoncaaugusto@example.com,Cirino das Pedras,AC
d4d55a3c-4276-4597-9117-ea3e972cc712,Luiza Garcia,418.097.263-87,1970-06-15,cassianoana-liz@example.com,Araújo,RN
bc6a61d6-d097-4a30-858b-0feb4bfc6b31,Sr. Apollo Silva,046.921.385-05,1986-10-12,aragaonathan@example.org,Monteiro,PE
d598f4c2-180e-4254-b6ab-0691708ce98b,Maria Isis Camargo,405.396.817-84,1991-02-18,arthur-miguelda-mata@example.net,da Cruz,SP
f2dc82cf-38a5-4665-a6f1-8318d338fcfb,Carolina da Rosa,967.054.183-20,1958-07-25,stephanylima@example.net,Aparecida de Abreu,TO
cf8c3e04-2a78-4834-be65-374c6c27181b,Lavínia Rezende,208.394.561-15,1983-07-03,ninada-paz@example.org,Sousa,PI
7d806ef9-0a91-4b3f-a46d-adb7630444d6,Ana Lívia da Rosa,169.874.250-94,2004-05-18,caroline47@example.com,Ribeiro,MT
9b92b18e-5470-48a7-8e9e-3bc431154dbc,Sr. Raul Peixoto,502.984.367-10,1959-04-17,snovais@example.net,Teixeira de Gonçalves,PI
fb108ecf-6f30-4557-a6be-43d77dde71ae,Breno Nascimento,071.234.689-96,1936-10-27,martinsester@example.org,Albuquerque de Câmara,SC
a5c4aa6f-5aaf-41d7-bd61-9078b91f8303,João Lucas Rodrigues,531.642.708-44,1985-01-28,da-motamarina@example.net,Abreu,DF
2e8e35f8-b8ed-4b74-bd2d-601d530d353f,Maria Laura Camargo,487.196.502-30,1944-07-11,valentimnunes@example.org,Correia do Sul,RR
20209f4d-65ea-4d0a-abe3-67e2a7d7dac7,Yasmin Pimenta,487.036.215-53,1972-12-20,rodriguesrafaela@example.com,Fonseca de Moreira,SP
129b2409-d6b5-44c8-9215-95c883578db6,Henry Gabriel Aragão,467.203.195-07,1939-02-16,laviniabarbosa@example.org,Cavalcante,MT
04ce75e2-4610-48bf-950d-e9b39a9206a5,Benício Pires,107.384.295-97,1950-05-08,vda-costa@example.org,Moreira de Goiás,AP
753568d8-0c0d-42a6-b36b-6cc7d4d121d0,Maysa Teixeira,179.065.384-39,1953-01-11,macedodaniel@example.com,Azevedo do Campo,RO
cca56fff-d3e3-4910-b9e4-5b054fbbebe7,Benjamim da Rocha,691.437.082-69,1998-11-07,npinto@example.org,Rezende do Sul,PB
2ab2b28f-30a7-410f-812d-658c2efceb67,Luísa Pastor,318.046.725-80,2004-12-07,daniela67@example.net,Cirino de da Cruz,BA
f374bcb4-3dde-4267-ab5c-009a8a325798,Bento Cardoso,465.297.103-61,1977-09-07,ana50@example.net,Araújo,ES
95fa35ec-0468-4c52-98fc-191e359887b4,Ana Júlia Lima,538.910.246-06,1999-04-15,bruna94@example.com,Castro do Campo,PB
b6d8b9d1-a6e1-4188-882c-d139755529f9,Thales Câmara,038.741.562-90,1986-11-01,isabellycirino@example.org,Albuquerque de Minas,MS
725df09c-3e86-4fbf-b520-6aa0dc5ca136,Danilo Casa Grande,473.592.086-29,1962-08-06,luiz-fernando34@example.net,Fernandes,PI
b970f672-eaf4-404f-9c3a-25e0bacf2538,Felipe Costa,024.961.385-98,1981-09-23,ana-lauramarques@example.org,Freitas da Serra,PE
97020726-4c3f-4227-b1ac-a96d0476fde0,Maya Silva,192.865.374-09,1978-12-12,pporto@example.org,Nascimento,MA
447c4d84-8041-496d-bbf2-1bd0b8e8ad43,Luan da Cruz,042.685.397-00,1999-09-24,cavalcantenicole@example.com,Monteiro do Galho,PB
6a8a6893-1056-4c69-bd80-afa8d8ed56fe,Lorenzo Silva,587.936.241-82,1940-08-27,pedro-lucascosta@example.com,Gonçalves,DF
bb9032d3-6d46-4cd2-933c-8aec0dcfe469,Otávio Garcia,925.840.173-50,1996-03-03,raul90@example.com,Lima dos Dourados,PB
9457cc01-5431-4def-9e8c-08c38eaf7f7d,Maria Luísa Freitas,754.301.689-39,1946-01-01,enzo48@example.net,Viana,GO
a7adf119-8418-4791-9f7b-63a8197cf72f,Carlos Eduardo Campos,150.492.863-60,1969-09-13,yan39@example.org,Albuquerque da Mata,MA
7d73281b-68bc-4ae3-b028-57db21e97f44,Dr. Nathan Pacheco,072.631.489-78,2000-03-30,pietrapastor@example.net,Silveira de Martins,MT
cab7c9e2-5b58-40a5-acc2-d1d375657ef6,Levi Correia,693.784.015-20,1953-02-21,antony75@example.com,Leão,PA
859b0179-da44-4148-a128-bed598a153af,Maria Luiza Teixeira,845.906.732-74,1980-08-14,ngarcia@example.com,Nascimento,MG
416eb904-6502-40ae-ada0-0f727d8c83e0,Renan Caldeira,574.016.983-66,1939-04-30,miguelazevedo@example.com,Costela de Goiás,MA
6e53fdb3-c6b3-4cfc-a36a-8d8da7f911a7,Valentina Azevedo,705.481.263-80,1957-01-17,cardosostella@example.com,Souza de Azevedo,MG
4926f0bc-dba7-4cb3-b21c-13cccc43c0ed,Davi Lucca Costela,467.195.230-07,2004-01-23,mda-mota@example.org,Machado,AP
2562c4f2-eb39-4cc7-9b8a-41bd565d25d9,Isadora Moura,578.340.912-04,1982-11-14,heloisa92@example.com,Cavalcanti,RN
79483f82-3e7f-4841-ac33-ef28922842a8,Sra. Natália Gomes,216.508.439-33,1944-10-03,marinajesus@example.net,Freitas,AP
996c62fa-5cd7-4000-b817-74d993380592,Thiago Vargas,567.128.043-53,1945-08-20,vgarcia@example.net,Correia das Flores,AL
91338b05-9c48-46bd-9640-23c4df909379,José Camargo,257.360.498-56,1995-04-01,maria-juliada-mota@example.org,Almeida,RN
1b02bfc8-4ffc-40a1-be69-09b64d47225a,Felipe da Rocha,186.905.247-11,1984-05-29,pedrosilva@example.org,Macedo,RR
aad57ddb-89c3-4613-8a4c-254e9cb10f27,Vicente Ramos,164.307.589-66,1963-02-17,evelynda-costa@example.org,Almeida,PA
83a47c52-6022-4beb-a7af-5c2379b3e943,Anthony Gabriel Fernandes,319.058.467-20,2005-06-04,duarteayla@example.net,Pinto,DF
055c9264-cee3-4796-a61a-b0f360e29c43,Maria Laura Lima,138.025.967-30,1978-09-18,gomesotavio@example.com,Azevedo,RO
4ee6845f-9ad0-4228-9d61-95a6aa871676,Léo Aparecida,136.248.075-44,1969-12-18,peixotoaylla@example.net,Rocha Grande,MT
42e5463e-44fd-4146-b2ff-09a7f65d9ae5,Liam Rios,715.049.386-66,2004-03-10,da-conceicaoasafe@example.net,das Neves,ES
338527bb-1aef-495f-92cc-45e21236b469,Sra. Isabelly Pinto,102.736.985-59,1963-06-29,da-costalivia@example.net,Carvalho Paulista,MT
ba989a16-b1bd-4f78-aab8-119e271060c4,Ana Cecília Moreira,640.152.873-71,1943-01-13,pedro-miguelpereira@example.com,Cirino dos Dourados,RS
ae89fd49-b77e-48bf-8c13-a5a63460ab30,Benício Mendonça,130.596.472-16,1963-06-28,nataliabarros@example.com,das Neves de Cavalcante,SC
e6906e24-7b0f-4100-9915-a92133ab79b0,Joaquim Lima,234.978.156-91,1946-07-25,isabella62@example.com,Lima de Montenegro,RN
fb98ec33-17ae-464e-a1d0-3416970f55b9,Sra. Daniela Vieira,706.382.145-80,1970-09-10,tmartins@example.com,Garcia da Prata,RN
fe97d94d-5427-473e-aaa0-383bca905ea6,Ana Sophia Farias,273.160.495-61,2002-07-24,zleao@example.net,Gomes do Amparo,MA
2925e07d-21ad-4bcd-98bc-032e8050b450,Ana Sophia Jesus,016.485.372-35,2005-01-11,sporto@example.com,Rezende,MG
7be4cfd7-5c6f-441e-9e9a-e5edb4a95821,Isadora da Cruz,705.968.132-95,1955-09-24,,da Cruz Verde,RO
dd7e339d-e203-42a3-804a-6cea63452d5a,Anthony Gabriel Camargo,168.540.937-75,1993-10-08,ana-julia88@example.net,Pastor da Mata,SC
111b6108-3162-4021-a429-5d6ce4cb615d,Aurora Caldeira,952.781.364-64,1936-07-19,marianeabreu@example.org,Vasconcelos,RR
123b92cd-0c1b-41f7-956a-5dbd70c3e16d,Valentina Leão,462.178.903-13,1960-06-10,machadootavio@example.org,Araújo,SC
78ddbfc8-4354-41fc-89a7-2c0ed4829fea,Gael da Luz,671.958.043-48,1987-01-30,da-motadavi-lucas@example.com,Pacheco,ES
ef9a70ae-bfd5-470b-acce-248a3a1040ee,Raquel Rocha,108.274.536-71,2006-10-06,garciaraquel@example.com,Melo de Sá,MT
cb1d4262-3fe1-4400-bdb2-7d9dbfe98826,Mariane Fernandes,598.612.370-03,1984-02-17,guilherme07@example.net,Silveira Grande,AC
b61c0461-2fba-49fc-8b72-1f386d12d1ef,Camila Moura,435.896.720-56,1936-02-06,arthur-gabriel50@example.net,Rocha dos Dourados,ES
6f1c4559-215b-4e81-a2f7-c92c56756d2a,Raquel Guerra,915.360.784-84,1955-02-27,cardosomaysa@example.org,Rocha da Prata,PB
2a1e4b8c-897e-4766-9398-c0d33d606291,Pietro Camargo,783.165.094-66,1939-08-26,beatrizgomes@example.com,Silveira,GO
d95931ce-84f3-418c-bfb4-fde63a4ab03b,Olívia Rios,127.058.946-67,1982-05-21,vsilva@example.net,Rezende da Prata,PA
f7bd54cd-c40b-449e-9c36-a5dbfb567f6b,Henry Gabriel da Luz,149.062.785-58,1985-09-21,ana-sophiagarcia@example.net,das Neves,AL
daaf1dc3-7800-4e62-9b63-96bd810c8527,Zoe Correia,695.821.403-05,1936-12-03,,Dias de Casa Grande,TO
ff2b2dbd-c4a7-49dd-acba-d08d9b458517,Henry Monteiro,724.150.869-67,1972-11-21,npires@example.com,Santos das Flores,AL
84c36eb3-cba4-4f5b-b4f0-fdb8a1065e4b,Sr. Gustavo Henrique Siqueira,302.695.748-83,1938-08-11,bfernandes@example.net,Ferreira de Sá,MG
5c544811-07ea-4f7f-b646-e898a395f19c,Ana Sophia Moura,493.587.061-39,1943-01-15,maria-cecilia29@example.org,Sampaio de Mendes,MA
3fc89769-6fcf-48f6-b0bd-b90f32fb0290,Gustavo Henrique Cunha,305.748.192-23,1958-07-27,britoeduarda@example.com,Aragão,AM
5702252b-e48b-47d9-ba6f-51d1b462546f,Maitê Pastor,629.105.738-77,1976-11-13,fernandavasconcelos@example.net,Vasconcelos,PB
017b513d-33fe-4ccf-8196-e92092386ca3,Maria Helena da Mota,750.968.413-75,1938-10-22,sda-mota@example.net,Vieira,RJ
